1,180,359,538,717,896,1075,1254,1433,1612,1791,1970,2149,2328,2507,2686,2865,3044,3223,3402,3581,3760,3939,4118,4297,4476,4655,4834,5013,5192,5371,5550,5729,5908,6087,6266,6445,6624,6803,6982,7161,7340,7519,7698,7877,8056,8235,8414,8593,8772,8951,9130,9309,9488,9667,9846,10025,10204,10383,10562,10741,10920,11099,11278,11457,11636,11815,11994,12173,12352,12531,12710,12889,13068,13247,13426,13605,13784,13963,14142,14321,14500,14679,14858,15037,15216,15395,15574,15753,-15930,-15751,-15572,-15393,-15214,-15035,-14856,-14677,-14498,-14319,-14140,-13961,-13782,-13603,-13424,-13245,-13066,-12887,-12708,-12529,-12350,-12171,-11992,-11813,-11634,-11455,-11276,-11097,-10918,-10739,-10560,-10381,-10202,-10023,-9844,-9665,-9486,-9307,-9128,-8949,-8770,-8591,-8412,-8233,-8054,-7875,-7696,-7517,-7338,-7159,-6980,-6801,-6622,-6443,-6264,-6085,-5906,-5727,-5548,-5369,-5190,-5011,-4832,-4653,-4474,-4295,-4116,-3937,-3758,-3579,-3400,-3221,-3042,-2863,-2684,-2505,-2326,-2147,-1968,-1789,-1610,-1431,-1252,-1073,-894,-715,-536,-357,-179,-178
2,181,360,539,718,897,1076,1255,1434,1613,1792,1971,2150,2329,2508,2687,2866,3045,3224,3403,3582,3761,3940,4119,4298,4477,4656,4835,5014,5193,5372,5551,5730,5909,6088,6267,6446,6625,6804,6983,7162,7341,7520,7699,7878,8057,8236,8415,8594,8773,8952,9131,9310,9489,9668,9847,10026,10205,10384,10563,10742,10921,11100,11279,11458,11637,11816,11995,12174,12353,12532,12711,12890,13069,13248,13427,13606,13785,13964,14143,14322,14501,14680,14859,15038,15217,15396,15575,15754,-15929,-15750,-15571,-15392,-15213,-15034,-14855,-14676,-14497,-14318,-14139,-13960,-13781,-13602,-13423,-13244,-13065,-12886,-12707,-12528,-12349,-12170,-11991,-11812,-11633,-11454,-11275,-11096,-10917,-10738,-10559,-10380,-10201,-10022,-9843,-9664,-9485,-9306,-9127,-8948,-8769,-8590,-8411,-8232,-8053,-7874,-7695,-7516,-7337,-7158,-6979,-6800,-6621,-6442,-6263,-6084,-5905,-5726,-5547,-5368,-5189,-5010,-4831,-4652,-4473,-4294,-4115,-3936,-3757,-3578,-3399,-3220,-3041,-2862,-2683,-2504,-2325,-2146,-1967,-1788,-1609,-1430,-1251,-1072,-893,-714,-535,-358,-356,-177
3,182,361,540,719,898,1077,1256,1435,1614,1793,1972,2151,2330,2509,2688,2867,3046,3225,3404,3583,3762,3941,4120,4299,4478,4657,4836,5015,5194,5373,5552,5731,5910,6089,6268,6447,6626,6805,6984,7163,7342,7521,7700,7879,8058,8237,8416,8595,8774,8953,9132,9311,9490,9669,9848,10027,10206,10385,10564,10743,10922,11101,11280,11459,11638,11817,11996,12175,12354,12533,12712,12891,13070,13249,13428,13607,13786,13965,14144,14323,14502,14681,14860,15039,15218,15397,15576,15755,-15928,-15749,-15570,-15391,-15212,-15033,-14854,-14675,-14496,-14317,-14138,-13959,-13780,-13601,-13422,-13243,-13064,-12885,-12706,-12527,-12348,-12169,-11990,-11811,-11632,-11453,-11274,-11095,-10916,-10737,-10558,-10379,-10200,-10021,-9842,-9663,-9484,-9305,-9126,-8947,-8768,-8589,-8410,-8231,-8052,-7873,-7694,-7515,-7336,-7157,-6978,-6799,-6620,-6441,-6262,-6083,-5904,-5725,-5546,-5367,-5188,-5009,-4830,-4651,-4472,-4293,-4114,-3935,-3756,-3577,-3398,-3219,-3040,-2861,-2682,-2503,-2324,-2145,-1966,-1787,-1608,-1429,-1250,-1071,-892,-713,-537,-534,-355,-176
4,183,362,541,720,899,1078,1257,1436,1615,1794,1973,2152,2331,2510,2689,2868,3047,3226,3405,3584,3763,3942,4121,4300,4479,4658,4837,5016,5195,5374,5553,5732,5911,6090,6269,6448,6627,6806,6985,7164,7343,7522,7701,7880,8059,8238,8417,8596,8775,8954,9133,9312,9491,9670,9849,10028,10207,10386,10565,10744,10923,11102,11281,11460,11639,11818,11997,12176,12355,12534,12713,12892,13071,13250,13429,13608,13787,13966,14145,14324,14503,14682,14861,15040,15219,15398,15577,15756,-15927,-15748,-15569,-15390,-15211,-15032,-14853,-14674,-14495,-14316,-14137,-13958,-13779,-13600,-13421,-13242,-13063,-12884,-12705,-12526,-12347,-12168,-11989,-11810,-11631,-11452,-11273,-11094,-10915,-10736,-10557,-10378,-10199,-10020,-9841,-9662,-9483,-9304,-9125,-8946,-8767,-8588,-8409,-8230,-8051,-7872,-7693,-7514,-7335,-7156,-6977,-6798,-6619,-6440,-6261,-6082,-5903,-5724,-5545,-5366,-5187,-5008,-4829,-4650,-4471,-4292,-4113,-3934,-3755,-3576,-3397,-3218,-3039,-2860,-2681,-2502,-2323,-2144,-1965,-1786,-1607,-1428,-1249,-1070,-891,-716,-712,-533,-354,-175
5,184,363,542,721,900,1079,1258,1437,1616,1795,1974,2153,2332,2511,2690,2869,3048,3227,3406,3585,3764,3943,4122,4301,4480,4659,4838,5017,5196,5375,5554,5733,5912,6091,6270,6449,6628,6807,6986,7165,7344,7523,7702,7881,8060,8239,8418,8597,8776,8955,9134,9313,9492,9671,9850,10029,10208,10387,10566,10745,10924,11103,11282,11461,11640,11819,11998,12177,12356,12535,12714,12893,13072,13251,13430,13609,13788,13967,14146,14325,14504,14683,14862,15041,15220,15399,15578,15757,-15926,-15747,-15568,-15389,-15210,-15031,-14852,-14673,-14494,-14315,-14136,-13957,-13778,-13599,-13420,-13241,-13062,-12883,-12704,-12525,-12346,-12167,-11988,-11809,-11630,-11451,-11272,-11093,-10914,-10735,-10556,-10377,-10198,-10019,-9840,-9661,-9482,-9303,-9124,-8945,-8766,-8587,-8408,-8229,-8050,-7871,-7692,-7513,-7334,-7155,-6976,-6797,-6618,-6439,-6260,-6081,-5902,-5723,-5544,-5365,-5186,-5007,-4828,-4649,-4470,-4291,-4112,-3933,-3754,-3575,-3396,-3217,-3038,-2859,-2680,-2501,-2322,-2143,-1964,-1785,-1606,-1427,-1248,-1069,-895,-890,-711,-532,-353,-174
6,185,364,543,722,901,1080,1259,1438,1617,1796,1975,2154,2333,2512,2691,2870,3049,3228,3407,3586,3765,3944,4123,4302,4481,4660,4839,5018,5197,5376,5555,5734,5913,6092,6271,6450,6629,6808,6987,7166,7345,7524,7703,7882,8061,8240,8419,8598,8777,8956,9135,9314,9493,9672,9851,10030,10209,10388,10567,10746,10925,11104,11283,11462,11641,11820,11999,12178,12357,12536,12715,12894,13073,13252,13431,13610,13789,13968,14147,14326,14505,14684,14863,15042,15221,15400,15579,15758,-15925,-15746,-15567,-15388,-15209,-15030,-14851,-14672,-14493,-14314,-14135,-13956,-13777,-13598,-13419,-13240,-13061,-12882,-12703,-12524,-12345,-12166,-11987,-11808,-11629,-11450,-11271,-11092,-10913,-10734,-10555,-10376,-10197,-10018,-9839,-9660,-9481,-9302,-9123,-8944,-8765,-8586,-8407,-8228,-8049,-7870,-7691,-7512,-7333,-7154,-6975,-6796,-6617,-6438,-6259,-6080,-5901,-5722,-5543,-5364,-5185,-5006,-4827,-4648,-4469,-4290,-4111,-3932,-3753,-3574,-3395,-3216,-3037,-2858,-2679,-2500,-2321,-2142,-1963,-1784,-1605,-1426,-1247,-1074,-1068,-889,-710,-531,-352,-173
7,186,365,544,723,902,1081,1260,1439,1618,1797,1976,2155,2334,2513,2692,2871,3050,3229,3408,3587,3766,3945,4124,4303,4482,4661,4840,5019,5198,5377,5556,5735,5914,6093,6272,6451,6630,6809,6988,7167,7346,7525,7704,7883,8062,8241,8420,8599,8778,8957,9136,9315,9494,9673,9852,10031,10210,10389,10568,10747,10926,11105,11284,11463,11642,11821,12000,12179,12358,12537,12716,12895,13074,13253,13432,13611,13790,13969,14148,14327,14506,14685,14864,15043,15222,15401,15580,15759,-15924,-15745,-15566,-15387,-15208,-15029,-14850,-14671,-14492,-14313,-14134,-13955,-13776,-13597,-13418,-13239,-13060,-12881,-12702,-12523,-12344,-12165,-11986,-11807,-11628,-11449,-11270,-11091,-10912,-10733,-10554,-10375,-10196,-10017,-9838,-9659,-9480,-9301,-9122,-8943,-8764,-8585,-8406,-8227,-8048,-7869,-7690,-7511,-7332,-7153,-6974,-6795,-6616,-6437,-6258,-6079,-5900,-5721,-5542,-5363,-5184,-5005,-4826,-4647,-4468,-4289,-4110,-3931,-3752,-3573,-3394,-3215,-3036,-2857,-2678,-2499,-2320,-2141,-1962,-1783,-1604,-1425,-1253,-1246,-1067,-888,-709,-530,-351,-172
8,187,366,545,724,903,1082,1261,1440,1619,1798,1977,2156,2335,2514,2693,2872,3051,3230,3409,3588,3767,3946,4125,4304,4483,4662,4841,5020,5199,5378,5557,5736,5915,6094,6273,6452,6631,6810,6989,7168,7347,7526,7705,7884,8063,8242,8421,8600,8779,8958,9137,9316,9495,9674,9853,10032,10211,10390,10569,10748,10927,11106,11285,11464,11643,11822,12001,12180,12359,12538,12717,12896,13075,13254,13433,13612,13791,13970,14149,14328,14507,14686,14865,15044,15223,15402,15581,15760,-15923,-15744,-15565,-15386,-15207,-15028,-14849,-14670,-14491,-14312,-14133,-13954,-13775,-13596,-13417,-13238,-13059,-12880,-12701,-12522,-12343,-12164,-11985,-11806,-11627,-11448,-11269,-11090,-10911,-10732,-10553,-10374,-10195,-10016,-9837,-9658,-9479,-9300,-9121,-8942,-8763,-8584,-8405,-8226,-8047,-7868,-7689,-7510,-7331,-7152,-6973,-6794,-6615,-6436,-6257,-6078,-5899,-5720,-5541,-5362,-5183,-5004,-4825,-4646,-4467,-4288,-4109,-3930,-3751,-3572,-3393,-3214,-3035,-2856,-2677,-2498,-2319,-2140,-1961,-1782,-1603,-1432,-1424,-1245,-1066,-887,-708,-529,-350,-171
9,188,367,546,725,904,1083,1262,1441,1620,1799,1978,2157,2336,2515,2694,2873,3052,3231,3410,3589,3768,3947,4126,4305,4484,4663,4842,5021,5200,5379,5558,5737,5916,6095,6274,6453,6632,6811,6990,7169,7348,7527,7706,7885,8064,8243,8422,8601,8780,8959,9138,9317,9496,9675,9854,10033,10212,10391,10570,10749,10928,11107,11286,11465,11644,11823,12002,12181,12360,12539,12718,12897,13076,13255,13434,13613,13792,13971,14150,14329,14508,14687,14866,15045,15224,15403,15582,15761,-15922,-15743,-15564,-15385,-15206,-15027,-14848,-14669,-14490,-14311,-14132,-13953,-13774,-13595,-13416,-13237,-13058,-12879,-12700,-12521,-12342,-12163,-11984,-11805,-11626,-11447,-11268,-11089,-10910,-10731,-10552,-10373,-10194,-10015,-9836,-9657,-9478,-9299,-9120,-8941,-8762,-8583,-8404,-8225,-8046,-7867,-7688,-7509,-7330,-7151,-6972,-6793,-6614,-6435,-6256,-6077,-5898,-5719,-5540,-5361,-5182,-5003,-4824,-4645,-4466,-4287,-4108,-3929,-3750,-3571,-3392,-3213,-3034,-2855,-2676,-2497,-2318,-2139,-1960,-1781,-1611,-1602,-1423,-1244,-1065,-886,-707,-528,-349,-170
10,189,368,547,726,905,1084,1263,1442,1621,1800,1979,2158,2337,2516,2695,2874,3053,3232,3411,3590,3769,3948,4127,4306,4485,4664,4843,5022,5201,5380,5559,5738,5917,6096,6275,6454,6633,6812,6991,7170,7349,7528,7707,7886,8065,8244,8423,8602,8781,8960,9139,9318,9497,9676,9855,10034,10213,10392,10571,10750,10929,11108,11287,11466,11645,11824,12003,12182,12361,12540,12719,12898,13077,13256,13435,13614,13793,13972,14151,14330,14509,14688,14867,15046,15225,15404,15583,15762,-15921,-15742,-15563,-15384,-15205,-15026,-14847,-14668,-14489,-14310,-14131,-13952,-13773,-13594,-13415,-13236,-13057,-12878,-12699,-12520,-12341,-12162,-11983,-11804,-11625,-11446,-11267,-11088,-10909,-10730,-10551,-10372,-10193,-10014,-9835,-9656,-9477,-9298,-9119,-8940,-8761,-8582,-8403,-8224,-8045,-7866,-7687,-7508,-7329,-7150,-6971,-6792,-6613,-6434,-6255,-6076,-5897,-5718,-5539,-5360,-5181,-5002,-4823,-4644,-4465,-4286,-4107,-3928,-3749,-3570,-3391,-3212,-3033,-2854,-2675,-2496,-2317,-2138,-1959,-1790,-1780,-1601,-1422,-1243,-1064,-885,-706,-527,-348,-169
11,190,369,548,727,906,1085,1264,1443,1622,1801,1980,2159,2338,2517,2696,2875,3054,3233,3412,3591,3770,3949,4128,4307,4486,4665,4844,5023,5202,5381,5560,5739,5918,6097,6276,6455,6634,6813,6992,7171,7350,7529,7708,7887,8066,8245,8424,8603,8782,8961,9140,9319,9498,9677,9856,10035,10214,10393,10572,10751,10930,11109,11288,11467,11646,11825,12004,12183,12362,12541,12720,12899,13078,13257,13436,13615,13794,13973,14152,14331,14510,14689,14868,15047,15226,15405,15584,15763,-15920,-15741,-15562,-15383,-15204,-15025,-14846,-14667,-14488,-14309,-14130,-13951,-13772,-13593,-13414,-13235,-13056,-12877,-12698,-12519,-12340,-12161,-11982,-11803,-11624,-11445,-11266,-11087,-10908,-10729,-10550,-10371,-10192,-10013,-9834,-9655,-9476,-9297,-9118,-8939,-8760,-8581,-8402,-8223,-8044,-7865,-7686,-7507,-7328,-7149,-6970,-6791,-6612,-6433,-6254,-6075,-5896,-5717,-5538,-5359,-5180,-5001,-4822,-4643,-4464,-4285,-4106,-3927,-3748,-3569,-3390,-3211,-3032,-2853,-2674,-2495,-2316,-2137,-1969,-1958,-1779,-1600,-1421,-1242,-1063,-884,-705,-526,-347,-168
12,191,370,549,728,907,1086,1265,1444,1623,1802,1981,2160,2339,2518,2697,2876,3055,3234,3413,3592,3771,3950,4129,4308,4487,4666,4845,5024,5203,5382,5561,5740,5919,6098,6277,6456,6635,6814,6993,7172,7351,7530,7709,7888,8067,8246,8425,8604,8783,8962,9141,9320,9499,9678,9857,10036,10215,10394,10573,10752,10931,11110,11289,11468,11647,11826,12005,12184,12363,12542,12721,12900,13079,13258,13437,13616,13795,13974,14153,14332,14511,14690,14869,15048,15227,15406,15585,15764,-15919,-15740,-15561,-15382,-15203,-15024,-14845,-14666,-14487,-14308,-14129,-13950,-13771,-13592,-13413,-13234,-13055,-12876,-12697,-12518,-12339,-12160,-11981,-11802,-11623,-11444,-11265,-11086,-10907,-10728,-10549,-10370,-10191,-10012,-9833,-9654,-9475,-9296,-9117,-8938,-8759,-8580,-8401,-8222,-8043,-7864,-7685,-7506,-7327,-7148,-6969,-6790,-6611,-6432,-6253,-6074,-5895,-5716,-5537,-5358,-5179,-5000,-4821,-4642,-4463,-4284,-4105,-3926,-3747,-3568,-3389,-3210,-3031,-2852,-2673,-2494,-2315,-2148,-2136,-1957,-1778,-1599,-1420,-1241,-1062,-883,-704,-525,-346,-167
13,192,371,550,729,908,1087,1266,1445,1624,1803,1982,2161,2340,2519,2698,2877,3056,3235,3414,3593,3772,3951,4130,4309,4488,4667,4846,5025,5204,5383,5562,5741,5920,6099,6278,6457,6636,6815,6994,7173,7352,7531,7710,7889,8068,8247,8426,8605,8784,8963,9142,9321,9500,9679,9858,10037,10216,10395,10574,10753,10932,11111,11290,11469,11648,11827,12006,12185,12364,12543,12722,12901,13080,13259,13438,13617,13796,13975,14154,14333,14512,14691,14870,15049,15228,15407,15586,15765,-15918,-15739,-15560,-15381,-15202,-15023,-14844,-14665,-14486,-14307,-14128,-13949,-13770,-13591,-13412,-13233,-13054,-12875,-12696,-12517,-12338,-12159,-11980,-11801,-11622,-11443,-11264,-11085,-10906,-10727,-10548,-10369,-10190,-10011,-9832,-9653,-9474,-9295,-9116,-8937,-8758,-8579,-8400,-8221,-8042,-7863,-7684,-7505,-7326,-7147,-6968,-6789,-6610,-6431,-6252,-6073,-5894,-5715,-5536,-5357,-5178,-4999,-4820,-4641,-4462,-4283,-4104,-3925,-3746,-3567,-3388,-3209,-3030,-2851,-2672,-2493,-2327,-2314,-2135,-1956,-1777,-1598,-1419,-1240,-1061,-882,-703,-524,-345,-166
14,193,372,551,730,909,1088,1267,1446,1625,1804,1983,2162,2341,2520,2699,2878,3057,3236,3415,3594,3773,3952,4131,4310,4489,4668,4847,5026,5205,5384,5563,5742,5921,6100,6279,6458,6637,6816,6995,7174,7353,7532,7711,7890,8069,8248,8427,8606,8785,8964,9143,9322,9501,9680,9859,10038,10217,10396,10575,10754,10933,11112,11291,11470,11649,11828,12007,12186,12365,12544,12723,12902,13081,13260,13439,13618,13797,13976,14155,14334,14513,14692,14871,15050,15229,15408,15587,15766,-15917,-15738,-15559,-15380,-15201,-15022,-14843,-14664,-14485,-14306,-14127,-13948,-13769,-13590,-13411,-13232,-13053,-12874,-12695,-12516,-12337,-12158,-11979,-11800,-11621,-11442,-11263,-11084,-10905,-10726,-10547,-10368,-10189,-10010,-9831,-9652,-9473,-9294,-9115,-8936,-8757,-8578,-8399,-8220,-8041,-7862,-7683,-7504,-7325,-7146,-6967,-6788,-6609,-6430,-6251,-6072,-5893,-5714,-5535,-5356,-5177,-4998,-4819,-4640,-4461,-4282,-4103,-3924,-3745,-3566,-3387,-3208,-3029,-2850,-2671,-2506,-2492,-2313,-2134,-1955,-1776,-1597,-1418,-1239,-1060,-881,-702,-523,-344,-165
15,194,373,552,731,910,1089,1268,1447,1626,1805,1984,2163,2342,2521,2700,2879,3058,3237,3416,3595,3774,3953,4132,4311,4490,4669,4848,5027,5206,5385,5564,5743,5922,6101,6280,6459,6638,6817,6996,7175,7354,7533,7712,7891,8070,8249,8428,8607,8786,8965,9144,9323,9502,9681,9860,10039,10218,10397,10576,10755,10934,11113,11292,11471,11650,11829,12008,12187,12366,12545,12724,12903,13082,13261,13440,13619,13798,13977,14156,14335,14514,14693,14872,15051,15230,15409,15588,15767,-15916,-15737,-15558,-15379,-15200,-15021,-14842,-14663,-14484,-14305,-14126,-13947,-13768,-13589,-13410,-13231,-13052,-12873,-12694,-12515,-12336,-12157,-11978,-11799,-11620,-11441,-11262,-11083,-10904,-10725,-10546,-10367,-10188,-10009,-9830,-9651,-9472,-9293,-9114,-8935,-8756,-8577,-8398,-8219,-8040,-7861,-7682,-7503,-7324,-7145,-6966,-6787,-6608,-6429,-6250,-6071,-5892,-5713,-5534,-5355,-5176,-4997,-4818,-4639,-4460,-4281,-4102,-3923,-3744,-3565,-3386,-3207,-3028,-2849,-2685,-2670,-2491,-2312,-2133,-1954,-1775,-1596,-1417,-1238,-1059,-880,-701,-522,-343,-164
16,195,374,553,732,911,1090,1269,1448,1627,1806,1985,2164,2343,2522,2701,2880,3059,3238,3417,3596,3775,3954,4133,4312,4491,4670,4849,5028,5207,5386,5565,5744,5923,6102,6281,6460,6639,6818,6997,7176,7355,7534,7713,7892,8071,8250,8429,8608,8787,8966,9145,9324,9503,9682,9861,10040,10219,10398,10577,10756,10935,11114,11293,11472,11651,11830,12009,12188,12367,12546,12725,12904,13083,13262,13441,13620,13799,13978,14157,14336,14515,14694,14873,15052,15231,15410,15589,15768,-15915,-15736,-15557,-15378,-15199,-15020,-14841,-14662,-14483,-14304,-14125,-13946,-13767,-13588,-13409,-13230,-13051,-12872,-12693,-12514,-12335,-12156,-11977,-11798,-11619,-11440,-11261,-11082,-10903,-10724,-10545,-10366,-10187,-10008,-9829,-9650,-9471,-9292,-9113,-8934,-8755,-8576,-8397,-8218,-8039,-7860,-7681,-7502,-7323,-7144,-6965,-6786,-6607,-6428,-6249,-6070,-5891,-5712,-5533,-5354,-5175,-4996,-4817,-4638,-4459,-4280,-4101,-3922,-3743,-3564,-3385,-3206,-3027,-2864,-2848,-2669,-2490,-2311,-2132,-1953,-1774,-1595,-1416,-1237,-1058,-879,-700,-521,-342,-163
17,196,375,554,733,912,1091,1270,1449,1628,1807,1986,2165,2344,2523,2702,2881,3060,3239,3418,3597,3776,3955,4134,4313,4492,4671,4850,5029,5208,5387,5566,5745,5924,6103,6282,6461,6640,6819,6998,7177,7356,7535,7714,7893,8072,8251,8430,8609,8788,8967,9146,9325,9504,9683,9862,10041,10220,10399,10578,10757,10936,11115,11294,11473,11652,11831,12010,12189,12368,12547,12726,12905,13084,13263,13442,13621,13800,13979,14158,14337,14516,14695,14874,15053,15232,15411,15590,15769,-15914,-15735,-15556,-15377,-15198,-15019,-14840,-14661,-14482,-14303,-14124,-13945,-13766,-13587,-13408,-13229,-13050,-12871,-12692,-12513,-12334,-12155,-11976,-11797,-11618,-11439,-11260,-11081,-10902,-10723,-10544,-10365,-10186,-10007,-9828,-9649,-9470,-9291,-9112,-8933,-8754,-8575,-8396,-8217,-8038,-7859,-7680,-7501,-7322,-7143,-6964,-6785,-6606,-6427,-6248,-6069,-5890,-5711,-5532,-5353,-5174,-4995,-4816,-4637,-4458,-4279,-4100,-3921,-3742,-3563,-3384,-3205,-3043,-3026,-2847,-2668,-2489,-2310,-2131,-1952,-1773,-1594,-1415,-1236,-1057,-878,-699,-520,-341,-162
18,197,376,555,734,913,1092,1271,1450,1629,1808,1987,2166,2345,2524,2703,2882,3061,3240,3419,3598,3777,3956,4135,4314,4493,4672,4851,5030,5209,5388,5567,5746,5925,6104,6283,6462,6641,6820,6999,7178,7357,7536,7715,7894,8073,8252,8431,8610,8789,8968,9147,9326,9505,9684,9863,10042,10221,10400,10579,10758,10937,11116,11295,11474,11653,11832,12011,12190,12369,12548,12727,12906,13085,13264,13443,13622,13801,13980,14159,14338,14517,14696,14875,15054,15233,15412,15591,15770,-15913,-15734,-15555,-15376,-15197,-15018,-14839,-14660,-14481,-14302,-14123,-13944,-13765,-13586,-13407,-13228,-13049,-12870,-12691,-12512,-12333,-12154,-11975,-11796,-11617,-11438,-11259,-11080,-10901,-10722,-10543,-10364,-10185,-10006,-9827,-9648,-9469,-9290,-9111,-8932,-8753,-8574,-8395,-8216,-8037,-7858,-7679,-7500,-7321,-7142,-6963,-6784,-6605,-6426,-6247,-6068,-5889,-5710,-5531,-5352,-5173,-4994,-4815,-4636,-4457,-4278,-4099,-3920,-3741,-3562,-3383,-3222,-3204,-3025,-2846,-2667,-2488,-2309,-2130,-1951,-1772,-1593,-1414,-1235,-1056,-877,-698,-519,-340,-161
19,198,377,556,735,914,1093,1272,1451,1630,1809,1988,2167,2346,2525,2704,2883,3062,3241,3420,3599,3778,3957,4136,4315,4494,4673,4852,5031,5210,5389,5568,5747,5926,6105,6284,6463,6642,6821,7000,7179,7358,7537,7716,7895,8074,8253,8432,8611,8790,8969,9148,9327,9506,9685,9864,10043,10222,10401,10580,10759,10938,11117,11296,11475,11654,11833,12012,12191,12370,12549,12728,12907,13086,13265,13444,13623,13802,13981,14160,14339,14518,14697,14876,15055,15234,15413,15592,15771,-15912,-15733,-15554,-15375,-15196,-15017,-14838,-14659,-14480,-14301,-14122,-13943,-13764,-13585,-13406,-13227,-13048,-12869,-12690,-12511,-12332,-12153,-11974,-11795,-11616,-11437,-11258,-11079,-10900,-10721,-10542,-10363,-10184,-10005,-9826,-9647,-9468,-9289,-9110,-8931,-8752,-8573,-8394,-8215,-8036,-7857,-7678,-7499,-7320,-7141,-6962,-6783,-6604,-6425,-6246,-6067,-5888,-5709,-5530,-5351,-5172,-4993,-4814,-4635,-4456,-4277,-4098,-3919,-3740,-3561,-3401,-3382,-3203,-3024,-2845,-2666,-2487,-2308,-2129,-1950,-1771,-1592,-1413,-1234,-1055,-876,-697,-518,-339,-160
20,199,378,557,736,915,1094,1273,1452,1631,1810,1989,2168,2347,2526,2705,2884,3063,3242,3421,3600,3779,3958,4137,4316,4495,4674,4853,5032,5211,5390,5569,5748,5927,6106,6285,6464,6643,6822,7001,7180,7359,7538,7717,7896,8075,8254,8433,8612,8791,8970,9149,9328,9507,9686,9865,10044,10223,10402,10581,10760,10939,11118,11297,11476,11655,11834,12013,12192,12371,12550,12729,12908,13087,13266,13445,13624,13803,13982,14161,14340,14519,14698,14877,15056,15235,15414,15593,15772,-15911,-15732,-15553,-15374,-15195,-15016,-14837,-14658,-14479,-14300,-14121,-13942,-13763,-13584,-13405,-13226,-13047,-12868,-12689,-12510,-12331,-12152,-11973,-11794,-11615,-11436,-11257,-11078,-10899,-10720,-10541,-10362,-10183,-10004,-9825,-9646,-9467,-9288,-9109,-8930,-8751,-8572,-8393,-8214,-8035,-7856,-7677,-7498,-7319,-7140,-6961,-6782,-6603,-6424,-6245,-6066,-5887,-5708,-5529,-5350,-5171,-4992,-4813,-4634,-4455,-4276,-4097,-3918,-3739,-3580,-3560,-3381,-3202,-3023,-2844,-2665,-2486,-2307,-2128,-1949,-1770,-1591,-1412,-1233,-1054,-875,-696,-517,-338,-159
21,200,379,558,737,916,1095,1274,1453,1632,1811,1990,2169,2348,2527,2706,2885,3064,3243,3422,3601,3780,3959,4138,4317,4496,4675,4854,5033,5212,5391,5570,5749,5928,6107,6286,6465,6644,6823,7002,7181,7360,7539,7718,7897,8076,8255,8434,8613,8792,8971,9150,9329,9508,9687,9866,10045,10224,10403,10582,10761,10940,11119,11298,11477,11656,11835,12014,12193,12372,12551,12730,12909,13088,13267,13446,13625,13804,13983,14162,14341,14520,14699,14878,15057,15236,15415,15594,15773,-15910,-15731,-15552,-15373,-15194,-15015,-14836,-14657,-14478,-14299,-14120,-13941,-13762,-13583,-13404,-13225,-13046,-12867,-12688,-12509,-12330,-12151,-11972,-11793,-11614,-11435,-11256,-11077,-10898,-10719,-10540,-10361,-10182,-10003,-9824,-9645,-9466,-9287,-9108,-8929,-8750,-8571,-8392,-8213,-8034,-7855,-7676,-7497,-7318,-7139,-6960,-6781,-6602,-6423,-6244,-6065,-5886,-5707,-5528,-5349,-5170,-4991,-4812,-4633,-4454,-4275,-4096,-3917,-3759,-3738,-3559,-3380,-3201,-3022,-2843,-2664,-2485,-2306,-2127,-1948,-1769,-1590,-1411,-1232,-1053,-874,-695,-516,-337,-158
22,201,380,559,738,917,1096,1275,1454,1633,1812,1991,2170,2349,2528,2707,2886,3065,3244,3423,3602,3781,3960,4139,4318,4497,4676,4855,5034,5213,5392,5571,5750,5929,6108,6287,6466,6645,6824,7003,7182,7361,7540,7719,7898,8077,8256,8435,8614,8793,8972,9151,9330,9509,9688,9867,10046,10225,10404,10583,10762,10941,11120,11299,11478,11657,11836,12015,12194,12373,12552,12731,12910,13089,13268,13447,13626,13805,13984,14163,14342,14521,14700,14879,15058,15237,15416,15595,15774,-15909,-15730,-15551,-15372,-15193,-15014,-14835,-14656,-14477,-14298,-14119,-13940,-13761,-13582,-13403,-13224,-13045,-12866,-12687,-12508,-12329,-12150,-11971,-11792,-11613,-11434,-11255,-11076,-10897,-10718,-10539,-10360,-10181,-10002,-9823,-9644,-9465,-9286,-9107,-8928,-8749,-8570,-8391,-8212,-8033,-7854,-7675,-7496,-7317,-7138,-6959,-6780,-6601,-6422,-6243,-6064,-5885,-5706,-5527,-5348,-5169,-4990,-4811,-4632,-4453,-4274,-4095,-3938,-3916,-3737,-3558,-3379,-3200,-3021,-2842,-2663,-2484,-2305,-2126,-1947,-1768,-1589,-1410,-1231,-1052,-873,-694,-515,-336,-157
23,202,381,560,739,918,1097,1276,1455,1634,1813,1992,2171,2350,2529,2708,2887,3066,3245,3424,3603,3782,3961,4140,4319,4498,4677,4856,5035,5214,5393,5572,5751,5930,6109,6288,6467,6646,6825,7004,7183,7362,7541,7720,7899,8078,8257,8436,8615,8794,8973,9152,9331,9510,9689,9868,10047,10226,10405,10584,10763,10942,11121,11300,11479,11658,11837,12016,12195,12374,12553,12732,12911,13090,13269,13448,13627,13806,13985,14164,14343,14522,14701,14880,15059,15238,15417,15596,15775,-15908,-15729,-15550,-15371,-15192,-15013,-14834,-14655,-14476,-14297,-14118,-13939,-13760,-13581,-13402,-13223,-13044,-12865,-12686,-12507,-12328,-12149,-11970,-11791,-11612,-11433,-11254,-11075,-10896,-10717,-10538,-10359,-10180,-10001,-9822,-9643,-9464,-9285,-9106,-8927,-8748,-8569,-8390,-8211,-8032,-7853,-7674,-7495,-7316,-7137,-6958,-6779,-6600,-6421,-6242,-6063,-5884,-5705,-5526,-5347,-5168,-4989,-4810,-4631,-4452,-4273,-4117,-4094,-3915,-3736,-3557,-3378,-3199,-3020,-2841,-2662,-2483,-2304,-2125,-1946,-1767,-1588,-1409,-1230,-1051,-872,-693,-514,-335,-156
24,203,382,561,740,919,1098,1277,1456,1635,1814,1993,2172,2351,2530,2709,2888,3067,3246,3425,3604,3783,3962,4141,4320,4499,4678,4857,5036,5215,5394,5573,5752,5931,6110,6289,6468,6647,6826,7005,7184,7363,7542,7721,7900,8079,8258,8437,8616,8795,8974,9153,9332,9511,9690,9869,10048,10227,10406,10585,10764,10943,11122,11301,11480,11659,11838,12017,12196,12375,12554,12733,12912,13091,13270,13449,13628,13807,13986,14165,14344,14523,14702,14881,15060,15239,15418,15597,15776,-15907,-15728,-15549,-15370,-15191,-15012,-14833,-14654,-14475,-14296,-14117,-13938,-13759,-13580,-13401,-13222,-13043,-12864,-12685,-12506,-12327,-12148,-11969,-11790,-11611,-11432,-11253,-11074,-10895,-10716,-10537,-10358,-10179,-10000,-9821,-9642,-9463,-9284,-9105,-8926,-8747,-8568,-8389,-8210,-8031,-7852,-7673,-7494,-7315,-7136,-6957,-6778,-6599,-6420,-6241,-6062,-5883,-5704,-5525,-5346,-5167,-4988,-4809,-4630,-4451,-4296,-4272,-4093,-3914,-3735,-3556,-3377,-3198,-3019,-2840,-2661,-2482,-2303,-2124,-1945,-1766,-1587,-1408,-1229,-1050,-871,-692,-513,-334,-155
25,204,383,562,741,920,1099,1278,1457,1636,1815,1994,2173,2352,2531,2710,2889,3068,3247,3426,3605,3784,3963,4142,4321,4500,4679,4858,5037,5216,5395,5574,5753,5932,6111,6290,6469,6648,6827,7006,7185,7364,7543,7722,7901,8080,8259,8438,8617,8796,8975,9154,9333,9512,9691,9870,10049,10228,10407,10586,10765,10944,11123,11302,11481,11660,11839,12018,12197,12376,12555,12734,12913,13092,13271,13450,13629,13808,13987,14166,14345,14524,14703,14882,15061,15240,15419,15598,15777,-15906,-15727,-15548,-15369,-15190,-15011,-14832,-14653,-14474,-14295,-14116,-13937,-13758,-13579,-13400,-13221,-13042,-12863,-12684,-12505,-12326,-12147,-11968,-11789,-11610,-11431,-11252,-11073,-10894,-10715,-10536,-10357,-10178,-9999,-9820,-9641,-9462,-9283,-9104,-8925,-8746,-8567,-8388,-8209,-8030,-7851,-7672,-7493,-7314,-7135,-6956,-6777,-6598,-6419,-6240,-6061,-5882,-5703,-5524,-5345,-5166,-4987,-4808,-4629,-4475,-4450,-4271,-4092,-3913,-3734,-3555,-3376,-3197,-3018,-2839,-2660,-2481,-2302,-2123,-1944,-1765,-1586,-1407,-1228,-1049,-870,-691,-512,-333,-154
26,205,384,563,742,921,1100,1279,1458,1637,1816,1995,2174,2353,2532,2711,2890,3069,3248,3427,3606,3785,3964,4143,4322,4501,4680,4859,5038,5217,5396,5575,5754,5933,6112,6291,6470,6649,6828,7007,7186,7365,7544,7723,7902,8081,8260,8439,8618,8797,8976,9155,9334,9513,9692,9871,10050,10229,10408,10587,10766,10945,11124,11303,11482,11661,11840,12019,12198,12377,12556,12735,12914,13093,13272,13451,13630,13809,13988,14167,14346,14525,14704,14883,15062,15241,15420,15599,15778,-15905,-15726,-15547,-15368,-15189,-15010,-14831,-14652,-14473,-14294,-14115,-13936,-13757,-13578,-13399,-13220,-13041,-12862,-12683,-12504,-12325,-12146,-11967,-11788,-11609,-11430,-11251,-11072,-10893,-10714,-10535,-10356,-10177,-9998,-9819,-9640,-9461,-9282,-9103,-8924,-8745,-8566,-8387,-8208,-8029,-7850,-7671,-7492,-7313,-7134,-6955,-6776,-6597,-6418,-6239,-6060,-5881,-5702,-5523,-5344,-5165,-4986,-4807,-4654,-4628,-4449,-4270,-4091,-3912,-3733,-3554,-3375,-3196,-3017,-2838,-2659,-2480,-2301,-2122,-1943,-1764,-1585,-1406,-1227,-1048,-869,-690,-511,-332,-153
27,206,385,564,743,922,1101,1280,1459,1638,1817,1996,2175,2354,2533,2712,2891,3070,3249,3428,3607,3786,3965,4144,4323,4502,4681,4860,5039,5218,5397,5576,5755,5934,6113,6292,6471,6650,6829,7008,7187,7366,7545,7724,7903,8082,8261,8440,8619,8798,8977,9156,9335,9514,9693,9872,10051,10230,10409,10588,10767,10946,11125,11304,11483,11662,11841,12020,12199,12378,12557,12736,12915,13094,13273,13452,13631,13810,13989,14168,14347,14526,14705,14884,15063,15242,15421,15600,15779,-15904,-15725,-15546,-15367,-15188,-15009,-14830,-14651,-14472,-14293,-14114,-13935,-13756,-13577,-13398,-13219,-13040,-12861,-12682,-12503,-12324,-12145,-11966,-11787,-11608,-11429,-11250,-11071,-10892,-10713,-10534,-10355,-10176,-9997,-9818,-9639,-9460,-9281,-9102,-8923,-8744,-8565,-8386,-8207,-8028,-7849,-7670,-7491,-7312,-7133,-6954,-6775,-6596,-6417,-6238,-6059,-5880,-5701,-5522,-5343,-5164,-4985,-4833,-4806,-4627,-4448,-4269,-4090,-3911,-3732,-3553,-3374,-3195,-3016,-2837,-2658,-2479,-2300,-2121,-1942,-1763,-1584,-1405,-1226,-1047,-868,-689,-510,-331,-152
28,207,386,565,744,923,1102,1281,1460,1639,1818,1997,2176,2355,2534,2713,2892,3071,3250,3429,3608,3787,3966,4145,4324,4503,4682,4861,5040,5219,5398,5577,5756,5935,6114,6293,6472,6651,6830,7009,7188,7367,7546,7725,7904,8083,8262,8441,8620,8799,8978,9157,9336,9515,9694,9873,10052,10231,10410,10589,10768,10947,11126,11305,11484,11663,11842,12021,12200,12379,12558,12737,12916,13095,13274,13453,13632,13811,13990,14169,14348,14527,14706,14885,15064,15243,15422,15601,15780,-15903,-15724,-15545,-15366,-15187,-15008,-14829,-14650,-14471,-14292,-14113,-13934,-13755,-13576,-13397,-13218,-13039,-12860,-12681,-12502,-12323,-12144,-11965,-11786,-11607,-11428,-11249,-11070,-10891,-10712,-10533,-10354,-10175,-9996,-9817,-9638,-9459,-9280,-9101,-8922,-8743,-8564,-8385,-8206,-8027,-7848,-7669,-7490,-7311,-7132,-6953,-6774,-6595,-6416,-6237,-6058,-5879,-5700,-5521,-5342,-5163,-5012,-4984,-4805,-4626,-4447,-4268,-4089,-3910,-3731,-3552,-3373,-3194,-3015,-2836,-2657,-2478,-2299,-2120,-1941,-1762,-1583,-1404,-1225,-1046,-867,-688,-509,-330,-151
29,208,387,566,745,924,1103,1282,1461,1640,1819,1998,2177,2356,2535,2714,2893,3072,3251,3430,3609,3788,3967,4146,4325,4504,4683,4862,5041,5220,5399,5578,5757,5936,6115,6294,6473,6652,6831,7010,7189,7368,7547,7726,7905,8084,8263,8442,8621,8800,8979,9158,9337,9516,9695,9874,10053,10232,10411,10590,10769,10948,11127,11306,11485,11664,11843,12022,12201,12380,12559,12738,12917,13096,13275,13454,13633,13812,13991,14170,14349,14528,14707,14886,15065,15244,15423,15602,15781,-15902,-15723,-15544,-15365,-15186,-15007,-14828,-14649,-14470,-14291,-14112,-13933,-13754,-13575,-13396,-13217,-13038,-12859,-12680,-12501,-12322,-12143,-11964,-11785,-11606,-11427,-11248,-11069,-10890,-10711,-10532,-10353,-10174,-9995,-9816,-9637,-9458,-9279,-9100,-8921,-8742,-8563,-8384,-8205,-8026,-7847,-7668,-7489,-7310,-7131,-6952,-6773,-6594,-6415,-6236,-6057,-5878,-5699,-5520,-5341,-5191,-5162,-4983,-4804,-4625,-4446,-4267,-4088,-3909,-3730,-3551,-3372,-3193,-3014,-2835,-2656,-2477,-2298,-2119,-1940,-1761,-1582,-1403,-1224,-1045,-866,-687,-508,-329,-150
30,209,388,567,746,925,1104,1283,1462,1641,1820,1999,2178,2357,2536,2715,2894,3073,3252,3431,3610,3789,3968,4147,4326,4505,4684,4863,5042,5221,5400,5579,5758,5937,6116,6295,6474,6653,6832,7011,7190,7369,7548,7727,7906,8085,8264,8443,8622,8801,8980,9159,9338,9517,9696,9875,10054,10233,10412,10591,10770,10949,11128,11307,11486,11665,11844,12023,12202,12381,12560,12739,12918,13097,13276,13455,13634,13813,13992,14171,14350,14529,14708,14887,15066,15245,15424,15603,15782,-15901,-15722,-15543,-15364,-15185,-15006,-14827,-14648,-14469,-14290,-14111,-13932,-13753,-13574,-13395,-13216,-13037,-12858,-12679,-12500,-12321,-12142,-11963,-11784,-11605,-11426,-11247,-11068,-10889,-10710,-10531,-10352,-10173,-9994,-9815,-9636,-9457,-9278,-9099,-8920,-8741,-8562,-8383,-8204,-8025,-7846,-7667,-7488,-7309,-7130,-6951,-6772,-6593,-6414,-6235,-6056,-5877,-5698,-5519,-5370,-5340,-5161,-4982,-4803,-4624,-4445,-4266,-4087,-3908,-3729,-3550,-3371,-3192,-3013,-2834,-2655,-2476,-2297,-2118,-1939,-1760,-1581,-1402,-1223,-1044,-865,-686,-507,-328,-149
31,210,389,568,747,926,1105,1284,1463,1642,1821,2000,2179,2358,2537,2716,2895,3074,3253,3432,3611,3790,3969,4148,4327,4506,4685,4864,5043,5222,5401,5580,5759,5938,6117,6296,6475,6654,6833,7012,7191,7370,7549,7728,7907,8086,8265,8444,8623,8802,8981,9160,9339,9518,9697,9876,10055,10234,10413,10592,10771,10950,11129,11308,11487,11666,11845,12024,12203,12382,12561,12740,12919,13098,13277,13456,13635,13814,13993,14172,14351,14530,14709,14888,15067,15246,15425,15604,15783,-15900,-15721,-15542,-15363,-15184,-15005,-14826,-14647,-14468,-14289,-14110,-13931,-13752,-13573,-13394,-13215,-13036,-12857,-12678,-12499,-12320,-12141,-11962,-11783,-11604,-11425,-11246,-11067,-10888,-10709,-10530,-10351,-10172,-9993,-9814,-9635,-9456,-9277,-9098,-8919,-8740,-8561,-8382,-8203,-8024,-7845,-7666,-7487,-7308,-7129,-6950,-6771,-6592,-6413,-6234,-6055,-5876,-5697,-5549,-5518,-5339,-5160,-4981,-4802,-4623,-4444,-4265,-4086,-3907,-3728,-3549,-3370,-3191,-3012,-2833,-2654,-2475,-2296,-2117,-1938,-1759,-1580,-1401,-1222,-1043,-864,-685,-506,-327,-148
32,211,390,569,748,927,1106,1285,1464,1643,1822,2001,2180,2359,2538,2717,2896,3075,3254,3433,3612,3791,3970,4149,4328,4507,4686,4865,5044,5223,5402,5581,5760,5939,6118,6297,6476,6655,6834,7013,7192,7371,7550,7729,7908,8087,8266,8445,8624,8803,8982,9161,9340,9519,9698,9877,10056,10235,10414,10593,10772,10951,11130,11309,11488,11667,11846,12025,12204,12383,12562,12741,12920,13099,13278,13457,13636,13815,13994,14173,14352,14531,14710,14889,15068,15247,15426,15605,15784,-15899,-15720,-15541,-15362,-15183,-15004,-14825,-14646,-14467,-14288,-14109,-13930,-13751,-13572,-13393,-13214,-13035,-12856,-12677,-12498,-12319,-12140,-11961,-11782,-11603,-11424,-11245,-11066,-10887,-10708,-10529,-10350,-10171,-9992,-9813,-9634,-9455,-9276,-9097,-8918,-8739,-8560,-8381,-8202,-8023,-7844,-7665,-7486,-7307,-7128,-6949,-6770,-6591,-6412,-6233,-6054,-5875,-5728,-5696,-5517,-5338,-5159,-4980,-4801,-4622,-4443,-4264,-4085,-3906,-3727,-3548,-3369,-3190,-3011,-2832,-2653,-2474,-2295,-2116,-1937,-1758,-1579,-1400,-1221,-1042,-863,-684,-505,-326,-147
33,212,391,570,749,928,1107,1286,1465,1644,1823,2002,2181,2360,2539,2718,2897,3076,3255,3434,3613,3792,3971,4150,4329,4508,4687,4866,5045,5224,5403,5582,5761,5940,6119,6298,6477,6656,6835,7014,7193,7372,7551,7730,7909,8088,8267,8446,8625,8804,8983,9162,9341,9520,9699,9878,10057,10236,10415,10594,10773,10952,11131,11310,11489,11668,11847,12026,12205,12384,12563,12742,12921,13100,13279,13458,13637,13816,13995,14174,14353,14532,14711,14890,15069,15248,15427,15606,15785,-15898,-15719,-15540,-15361,-15182,-15003,-14824,-14645,-14466,-14287,-14108,-13929,-13750,-13571,-13392,-13213,-13034,-12855,-12676,-12497,-12318,-12139,-11960,-11781,-11602,-11423,-11244,-11065,-10886,-10707,-10528,-10349,-10170,-9991,-9812,-9633,-9454,-9275,-9096,-8917,-8738,-8559,-8380,-8201,-8022,-7843,-7664,-7485,-7306,-7127,-6948,-6769,-6590,-6411,-6232,-6053,-5907,-5874,-5695,-5516,-5337,-5158,-4979,-4800,-4621,-4442,-4263,-4084,-3905,-3726,-3547,-3368,-3189,-3010,-2831,-2652,-2473,-2294,-2115,-1936,-1757,-1578,-1399,-1220,-1041,-862,-683,-504,-325,-146
34,213,392,571,750,929,1108,1287,1466,1645,1824,2003,2182,2361,2540,2719,2898,3077,3256,3435,3614,3793,3972,4151,4330,4509,4688,4867,5046,5225,5404,5583,5762,5941,6120,6299,6478,6657,6836,7015,7194,7373,7552,7731,7910,8089,8268,8447,8626,8805,8984,9163,9342,9521,9700,9879,10058,10237,10416,10595,10774,10953,11132,11311,11490,11669,11848,12027,12206,12385,12564,12743,12922,13101,13280,13459,13638,13817,13996,14175,14354,14533,14712,14891,15070,15249,15428,15607,15786,-15897,-15718,-15539,-15360,-15181,-15002,-14823,-14644,-14465,-14286,-14107,-13928,-13749,-13570,-13391,-13212,-13033,-12854,-12675,-12496,-12317,-12138,-11959,-11780,-11601,-11422,-11243,-11064,-10885,-10706,-10527,-10348,-10169,-9990,-9811,-9632,-9453,-9274,-9095,-8916,-8737,-8558,-8379,-8200,-8021,-7842,-7663,-7484,-7305,-7126,-6947,-6768,-6589,-6410,-6231,-6086,-6052,-5873,-5694,-5515,-5336,-5157,-4978,-4799,-4620,-4441,-4262,-4083,-3904,-3725,-3546,-3367,-3188,-3009,-2830,-2651,-2472,-2293,-2114,-1935,-1756,-1577,-1398,-1219,-1040,-861,-682,-503,-324,-145
35,214,393,572,751,930,1109,1288,1467,1646,1825,2004,2183,2362,2541,2720,2899,3078,3257,3436,3615,3794,3973,4152,4331,4510,4689,4868,5047,5226,5405,5584,5763,5942,6121,6300,6479,6658,6837,7016,7195,7374,7553,7732,7911,8090,8269,8448,8627,8806,8985,9164,9343,9522,9701,9880,10059,10238,10417,10596,10775,10954,11133,11312,11491,11670,11849,12028,12207,12386,12565,12744,12923,13102,13281,13460,13639,13818,13997,14176,14355,14534,14713,14892,15071,15250,15429,15608,15787,-15896,-15717,-15538,-15359,-15180,-15001,-14822,-14643,-14464,-14285,-14106,-13927,-13748,-13569,-13390,-13211,-13032,-12853,-12674,-12495,-12316,-12137,-11958,-11779,-11600,-11421,-11242,-11063,-10884,-10705,-10526,-10347,-10168,-9989,-9810,-9631,-9452,-9273,-9094,-8915,-8736,-8557,-8378,-8199,-8020,-7841,-7662,-7483,-7304,-7125,-6946,-6767,-6588,-6409,-6265,-6230,-6051,-5872,-5693,-5514,-5335,-5156,-4977,-4798,-4619,-4440,-4261,-4082,-3903,-3724,-3545,-3366,-3187,-3008,-2829,-2650,-2471,-2292,-2113,-1934,-1755,-1576,-1397,-1218,-1039,-860,-681,-502,-323,-144
36,215,394,573,752,931,1110,1289,1468,1647,1826,2005,2184,2363,2542,2721,2900,3079,3258,3437,3616,3795,3974,4153,4332,4511,4690,4869,5048,5227,5406,5585,5764,5943,6122,6301,6480,6659,6838,7017,7196,7375,7554,7733,7912,8091,8270,8449,8628,8807,8986,9165,9344,9523,9702,9881,10060,10239,10418,10597,10776,10955,11134,11313,11492,11671,11850,12029,12208,12387,12566,12745,12924,13103,13282,13461,13640,13819,13998,14177,14356,14535,14714,14893,15072,15251,15430,15609,15788,-15895,-15716,-15537,-15358,-15179,-15000,-14821,-14642,-14463,-14284,-14105,-13926,-13747,-13568,-13389,-13210,-13031,-12852,-12673,-12494,-12315,-12136,-11957,-11778,-11599,-11420,-11241,-11062,-10883,-10704,-10525,-10346,-10167,-9988,-9809,-9630,-9451,-9272,-9093,-8914,-8735,-8556,-8377,-8198,-8019,-7840,-7661,-7482,-7303,-7124,-6945,-6766,-6587,-6444,-6408,-6229,-6050,-5871,-5692,-5513,-5334,-5155,-4976,-4797,-4618,-4439,-4260,-4081,-3902,-3723,-3544,-3365,-3186,-3007,-2828,-2649,-2470,-2291,-2112,-1933,-1754,-1575,-1396,-1217,-1038,-859,-680,-501,-322,-143
37,216,395,574,753,932,1111,1290,1469,1648,1827,2006,2185,2364,2543,2722,2901,3080,3259,3438,3617,3796,3975,4154,4333,4512,4691,4870,5049,5228,5407,5586,5765,5944,6123,6302,6481,6660,6839,7018,7197,7376,7555,7734,7913,8092,8271,8450,8629,8808,8987,9166,9345,9524,9703,9882,10061,10240,10419,10598,10777,10956,11135,11314,11493,11672,11851,12030,12209,12388,12567,12746,12925,13104,13283,13462,13641,13820,13999,14178,14357,14536,14715,14894,15073,15252,15431,15610,15789,-15894,-15715,-15536,-15357,-15178,-14999,-14820,-14641,-14462,-14283,-14104,-13925,-13746,-13567,-13388,-13209,-13030,-12851,-12672,-12493,-12314,-12135,-11956,-11777,-11598,-11419,-11240,-11061,-10882,-10703,-10524,-10345,-10166,-9987,-9808,-9629,-9450,-9271,-9092,-8913,-8734,-8555,-8376,-8197,-8018,-7839,-7660,-7481,-7302,-7123,-6944,-6765,-6623,-6586,-6407,-6228,-6049,-5870,-5691,-5512,-5333,-5154,-4975,-4796,-4617,-4438,-4259,-4080,-3901,-3722,-3543,-3364,-3185,-3006,-2827,-2648,-2469,-2290,-2111,-1932,-1753,-1574,-1395,-1216,-1037,-858,-679,-500,-321,-142
38,217,396,575,754,933,1112,1291,1470,1649,1828,2007,2186,2365,2544,2723,2902,3081,3260,3439,3618,3797,3976,4155,4334,4513,4692,4871,5050,5229,5408,5587,5766,5945,6124,6303,6482,6661,6840,7019,7198,7377,7556,7735,7914,8093,8272,8451,8630,8809,8988,9167,9346,9525,9704,9883,10062,10241,10420,10599,10778,10957,11136,11315,11494,11673,11852,12031,12210,12389,12568,12747,12926,13105,13284,13463,13642,13821,14000,14179,14358,14537,14716,14895,15074,15253,15432,15611,15790,-15893,-15714,-15535,-15356,-15177,-14998,-14819,-14640,-14461,-14282,-14103,-13924,-13745,-13566,-13387,-13208,-13029,-12850,-12671,-12492,-12313,-12134,-11955,-11776,-11597,-11418,-11239,-11060,-10881,-10702,-10523,-10344,-10165,-9986,-9807,-9628,-9449,-9270,-9091,-8912,-8733,-8554,-8375,-8196,-8017,-7838,-7659,-7480,-7301,-7122,-6943,-6802,-6764,-6585,-6406,-6227,-6048,-5869,-5690,-5511,-5332,-5153,-4974,-4795,-4616,-4437,-4258,-4079,-3900,-3721,-3542,-3363,-3184,-3005,-2826,-2647,-2468,-2289,-2110,-1931,-1752,-1573,-1394,-1215,-1036,-857,-678,-499,-320,-141
39,218,397,576,755,934,1113,1292,1471,1650,1829,2008,2187,2366,2545,2724,2903,3082,3261,3440,3619,3798,3977,4156,4335,4514,4693,4872,5051,5230,5409,5588,5767,5946,6125,6304,6483,6662,6841,7020,7199,7378,7557,7736,7915,8094,8273,8452,8631,8810,8989,9168,9347,9526,9705,9884,10063,10242,10421,10600,10779,10958,11137,11316,11495,11674,11853,12032,12211,12390,12569,12748,12927,13106,13285,13464,13643,13822,14001,14180,14359,14538,14717,14896,15075,15254,15433,15612,15791,-15892,-15713,-15534,-15355,-15176,-14997,-14818,-14639,-14460,-14281,-14102,-13923,-13744,-13565,-13386,-13207,-13028,-12849,-12670,-12491,-12312,-12133,-11954,-11775,-11596,-11417,-11238,-11059,-10880,-10701,-10522,-10343,-10164,-9985,-9806,-9627,-9448,-9269,-9090,-8911,-8732,-8553,-8374,-8195,-8016,-7837,-7658,-7479,-7300,-7121,-6981,-6942,-6763,-6584,-6405,-6226,-6047,-5868,-5689,-5510,-5331,-5152,-4973,-4794,-4615,-4436,-4257,-4078,-3899,-3720,-3541,-3362,-3183,-3004,-2825,-2646,-2467,-2288,-2109,-1930,-1751,-1572,-1393,-1214,-1035,-856,-677,-498,-319,-140
40,219,398,577,756,935,1114,1293,1472,1651,1830,2009,2188,2367,2546,2725,2904,3083,3262,3441,3620,3799,3978,4157,4336,4515,4694,4873,5052,5231,5410,5589,5768,5947,6126,6305,6484,6663,6842,7021,7200,7379,7558,7737,7916,8095,8274,8453,8632,8811,8990,9169,9348,9527,9706,9885,10064,10243,10422,10601,10780,10959,11138,11317,11496,11675,11854,12033,12212,12391,12570,12749,12928,13107,13286,13465,13644,13823,14002,14181,14360,14539,14718,14897,15076,15255,15434,15613,15792,-15891,-15712,-15533,-15354,-15175,-14996,-14817,-14638,-14459,-14280,-14101,-13922,-13743,-13564,-13385,-13206,-13027,-12848,-12669,-12490,-12311,-12132,-11953,-11774,-11595,-11416,-11237,-11058,-10879,-10700,-10521,-10342,-10163,-9984,-9805,-9626,-9447,-9268,-9089,-8910,-8731,-8552,-8373,-8194,-8015,-7836,-7657,-7478,-7299,-7160,-7120,-6941,-6762,-6583,-6404,-6225,-6046,-5867,-5688,-5509,-5330,-5151,-4972,-4793,-4614,-4435,-4256,-4077,-3898,-3719,-3540,-3361,-3182,-3003,-2824,-2645,-2466,-2287,-2108,-1929,-1750,-1571,-1392,-1213,-1034,-855,-676,-497,-318,-139
41,220,399,578,757,936,1115,1294,1473,1652,1831,2010,2189,2368,2547,2726,2905,3084,3263,3442,3621,3800,3979,4158,4337,4516,4695,4874,5053,5232,5411,5590,5769,5948,6127,6306,6485,6664,6843,7022,7201,7380,7559,7738,7917,8096,8275,8454,8633,8812,8991,9170,9349,9528,9707,9886,10065,10244,10423,10602,10781,10960,11139,11318,11497,11676,11855,12034,12213,12392,12571,12750,12929,13108,13287,13466,13645,13824,14003,14182,14361,14540,14719,14898,15077,15256,15435,15614,15793,-15890,-15711,-15532,-15353,-15174,-14995,-14816,-14637,-14458,-14279,-14100,-13921,-13742,-13563,-13384,-13205,-13026,-12847,-12668,-12489,-12310,-12131,-11952,-11773,-11594,-11415,-11236,-11057,-10878,-10699,-10520,-10341,-10162,-9983,-9804,-9625,-9446,-9267,-9088,-8909,-8730,-8551,-8372,-8193,-8014,-7835,-7656,-7477,-7339,-7298,-7119,-6940,-6761,-6582,-6403,-6224,-6045,-5866,-5687,-5508,-5329,-5150,-4971,-4792,-4613,-4434,-4255,-4076,-3897,-3718,-3539,-3360,-3181,-3002,-2823,-2644,-2465,-2286,-2107,-1928,-1749,-1570,-1391,-1212,-1033,-854,-675,-496,-317,-138
42,221,400,579,758,937,1116,1295,1474,1653,1832,2011,2190,2369,2548,2727,2906,3085,3264,3443,3622,3801,3980,4159,4338,4517,4696,4875,5054,5233,5412,5591,5770,5949,6128,6307,6486,6665,6844,7023,7202,7381,7560,7739,7918,8097,8276,8455,8634,8813,8992,9171,9350,9529,9708,9887,10066,10245,10424,10603,10782,10961,11140,11319,11498,11677,11856,12035,12214,12393,12572,12751,12930,13109,13288,13467,13646,13825,14004,14183,14362,14541,14720,14899,15078,15257,15436,15615,15794,-15889,-15710,-15531,-15352,-15173,-14994,-14815,-14636,-14457,-14278,-14099,-13920,-13741,-13562,-13383,-13204,-13025,-12846,-12667,-12488,-12309,-12130,-11951,-11772,-11593,-11414,-11235,-11056,-10877,-10698,-10519,-10340,-10161,-9982,-9803,-9624,-9445,-9266,-9087,-8908,-8729,-8550,-8371,-8192,-8013,-7834,-7655,-7518,-7476,-7297,-7118,-6939,-6760,-6581,-6402,-6223,-6044,-5865,-5686,-5507,-5328,-5149,-4970,-4791,-4612,-4433,-4254,-4075,-3896,-3717,-3538,-3359,-3180,-3001,-2822,-2643,-2464,-2285,-2106,-1927,-1748,-1569,-1390,-1211,-1032,-853,-674,-495,-316,-137
43,222,401,580,759,938,1117,1296,1475,1654,1833,2012,2191,2370,2549,2728,2907,3086,3265,3444,3623,3802,3981,4160,4339,4518,4697,4876,5055,5234,5413,5592,5771,5950,6129,6308,6487,6666,6845,7024,7203,7382,7561,7740,7919,8098,8277,8456,8635,8814,8993,9172,9351,9530,9709,9888,10067,10246,10425,10604,10783,10962,11141,11320,11499,11678,11857,12036,12215,12394,12573,12752,12931,13110,13289,13468,13647,13826,14005,14184,14363,14542,14721,14900,15079,15258,15437,15616,15795,-15888,-15709,-15530,-15351,-15172,-14993,-14814,-14635,-14456,-14277,-14098,-13919,-13740,-13561,-13382,-13203,-13024,-12845,-12666,-12487,-12308,-12129,-11950,-11771,-11592,-11413,-11234,-11055,-10876,-10697,-10518,-10339,-10160,-9981,-9802,-9623,-9444,-9265,-9086,-8907,-8728,-8549,-8370,-8191,-8012,-7833,-7697,-7654,-7475,-7296,-7117,-6938,-6759,-6580,-6401,-6222,-6043,-5864,-5685,-5506,-5327,-5148,-4969,-4790,-4611,-4432,-4253,-4074,-3895,-3716,-3537,-3358,-3179,-3000,-2821,-2642,-2463,-2284,-2105,-1926,-1747,-1568,-1389,-1210,-1031,-852,-673,-494,-315,-136
44,223,402,581,760,939,1118,1297,1476,1655,1834,2013,2192,2371,2550,2729,2908,3087,3266,3445,3624,3803,3982,4161,4340,4519,4698,4877,5056,5235,5414,5593,5772,5951,6130,6309,6488,6667,6846,7025,7204,7383,7562,7741,7920,8099,8278,8457,8636,8815,8994,9173,9352,9531,9710,9889,10068,10247,10426,10605,10784,10963,11142,11321,11500,11679,11858,12037,12216,12395,12574,12753,12932,13111,13290,13469,13648,13827,14006,14185,14364,14543,14722,14901,15080,15259,15438,15617,15796,-15887,-15708,-15529,-15350,-15171,-14992,-14813,-14634,-14455,-14276,-14097,-13918,-13739,-13560,-13381,-13202,-13023,-12844,-12665,-12486,-12307,-12128,-11949,-11770,-11591,-11412,-11233,-11054,-10875,-10696,-10517,-10338,-10159,-9980,-9801,-9622,-9443,-9264,-9085,-8906,-8727,-8548,-8369,-8190,-8011,-7876,-7832,-7653,-7474,-7295,-7116,-6937,-6758,-6579,-6400,-6221,-6042,-5863,-5684,-5505,-5326,-5147,-4968,-4789,-4610,-4431,-4252,-4073,-3894,-3715,-3536,-3357,-3178,-2999,-2820,-2641,-2462,-2283,-2104,-1925,-1746,-1567,-1388,-1209,-1030,-851,-672,-493,-314,-135
45,224,403,582,761,940,1119,1298,1477,1656,1835,2014,2193,2372,2551,2730,2909,3088,3267,3446,3625,3804,3983,4162,4341,4520,4699,4878,5057,5236,5415,5594,5773,5952,6131,6310,6489,6668,6847,7026,7205,7384,7563,7742,7921,8100,8279,8458,8637,8816,8995,9174,9353,9532,9711,9890,10069,10248,10427,10606,10785,10964,11143,11322,11501,11680,11859,12038,12217,12396,12575,12754,12933,13112,13291,13470,13649,13828,14007,14186,14365,14544,14723,14902,15081,15260,15439,15618,15797,-15886,-15707,-15528,-15349,-15170,-14991,-14812,-14633,-14454,-14275,-14096,-13917,-13738,-13559,-13380,-13201,-13022,-12843,-12664,-12485,-12306,-12127,-11948,-11769,-11590,-11411,-11232,-11053,-10874,-10695,-10516,-10337,-10158,-9979,-9800,-9621,-9442,-9263,-9084,-8905,-8726,-8547,-8368,-8189,-8055,-8010,-7831,-7652,-7473,-7294,-7115,-6936,-6757,-6578,-6399,-6220,-6041,-5862,-5683,-5504,-5325,-5146,-4967,-4788,-4609,-4430,-4251,-4072,-3893,-3714,-3535,-3356,-3177,-2998,-2819,-2640,-2461,-2282,-2103,-1924,-1745,-1566,-1387,-1208,-1029,-850,-671,-492,-313,-134
46,225,404,583,762,941,1120,1299,1478,1657,1836,2015,2194,2373,2552,2731,2910,3089,3268,3447,3626,3805,3984,4163,4342,4521,4700,4879,5058,5237,5416,5595,5774,5953,6132,6311,6490,6669,6848,7027,7206,7385,7564,7743,7922,8101,8280,8459,8638,8817,8996,9175,9354,9533,9712,9891,10070,10249,10428,10607,10786,10965,11144,11323,11502,11681,11860,12039,12218,12397,12576,12755,12934,13113,13292,13471,13650,13829,14008,14187,14366,14545,14724,14903,15082,15261,15440,15619,15798,-15885,-15706,-15527,-15348,-15169,-14990,-14811,-14632,-14453,-14274,-14095,-13916,-13737,-13558,-13379,-13200,-13021,-12842,-12663,-12484,-12305,-12126,-11947,-11768,-11589,-11410,-11231,-11052,-10873,-10694,-10515,-10336,-10157,-9978,-9799,-9620,-9441,-9262,-9083,-8904,-8725,-8546,-8367,-8234,-8188,-8009,-7830,-7651,-7472,-7293,-7114,-6935,-6756,-6577,-6398,-6219,-6040,-5861,-5682,-5503,-5324,-5145,-4966,-4787,-4608,-4429,-4250,-4071,-3892,-3713,-3534,-3355,-3176,-2997,-2818,-2639,-2460,-2281,-2102,-1923,-1744,-1565,-1386,-1207,-1028,-849,-670,-491,-312,-133
47,226,405,584,763,942,1121,1300,1479,1658,1837,2016,2195,2374,2553,2732,2911,3090,3269,3448,3627,3806,3985,4164,4343,4522,4701,4880,5059,5238,5417,5596,5775,5954,6133,6312,6491,6670,6849,7028,7207,7386,7565,7744,7923,8102,8281,8460,8639,8818,8997,9176,9355,9534,9713,9892,10071,10250,10429,10608,10787,10966,11145,11324,11503,11682,11861,12040,12219,12398,12577,12756,12935,13114,13293,13472,13651,13830,14009,14188,14367,14546,14725,14904,15083,15262,15441,15620,15799,-15884,-15705,-15526,-15347,-15168,-14989,-14810,-14631,-14452,-14273,-14094,-13915,-13736,-13557,-13378,-13199,-13020,-12841,-12662,-12483,-12304,-12125,-11946,-11767,-11588,-11409,-11230,-11051,-10872,-10693,-10514,-10335,-10156,-9977,-9798,-9619,-9440,-9261,-9082,-8903,-8724,-8545,-8413,-8366,-8187,-8008,-7829,-7650,-7471,-7292,-7113,-6934,-6755,-6576,-6397,-6218,-6039,-5860,-5681,-5502,-5323,-5144,-4965,-4786,-4607,-4428,-4249,-4070,-3891,-3712,-3533,-3354,-3175,-2996,-2817,-2638,-2459,-2280,-2101,-1922,-1743,-1564,-1385,-1206,-1027,-848,-669,-490,-311,-132
48,227,406,585,764,943,1122,1301,1480,1659,1838,2017,2196,2375,2554,2733,2912,3091,3270,3449,3628,3807,3986,4165,4344,4523,4702,4881,5060,5239,5418,5597,5776,5955,6134,6313,6492,6671,6850,7029,7208,7387,7566,7745,7924,8103,8282,8461,8640,8819,8998,9177,9356,9535,9714,9893,10072,10251,10430,10609,10788,10967,11146,11325,11504,11683,11862,12041,12220,12399,12578,12757,12936,13115,13294,13473,13652,13831,14010,14189,14368,14547,14726,14905,15084,15263,15442,15621,15800,-15883,-15704,-15525,-15346,-15167,-14988,-14809,-14630,-14451,-14272,-14093,-13914,-13735,-13556,-13377,-13198,-13019,-12840,-12661,-12482,-12303,-12124,-11945,-11766,-11587,-11408,-11229,-11050,-10871,-10692,-10513,-10334,-10155,-9976,-9797,-9618,-9439,-9260,-9081,-8902,-8723,-8592,-8544,-8365,-8186,-8007,-7828,-7649,-7470,-7291,-7112,-6933,-6754,-6575,-6396,-6217,-6038,-5859,-5680,-5501,-5322,-5143,-4964,-4785,-4606,-4427,-4248,-4069,-3890,-3711,-3532,-3353,-3174,-2995,-2816,-2637,-2458,-2279,-2100,-1921,-1742,-1563,-1384,-1205,-1026,-847,-668,-489,-310,-131
49,228,407,586,765,944,1123,1302,1481,1660,1839,2018,2197,2376,2555,2734,2913,3092,3271,3450,3629,3808,3987,4166,4345,4524,4703,4882,5061,5240,5419,5598,5777,5956,6135,6314,6493,6672,6851,7030,7209,7388,7567,7746,7925,8104,8283,8462,8641,8820,8999,9178,9357,9536,9715,9894,10073,10252,10431,10610,10789,10968,11147,11326,11505,11684,11863,12042,12221,12400,12579,12758,12937,13116,13295,13474,13653,13832,14011,14190,14369,14548,14727,14906,15085,15264,15443,15622,15801,-15882,-15703,-15524,-15345,-15166,-14987,-14808,-14629,-14450,-14271,-14092,-13913,-13734,-13555,-13376,-13197,-13018,-12839,-12660,-12481,-12302,-12123,-11944,-11765,-11586,-11407,-11228,-11049,-10870,-10691,-10512,-10333,-10154,-9975,-9796,-9617,-9438,-9259,-9080,-8901,-8771,-8722,-8543,-8364,-8185,-8006,-7827,-7648,-7469,-7290,-7111,-6932,-6753,-6574,-6395,-6216,-6037,-5858,-5679,-5500,-5321,-5142,-4963,-4784,-4605,-4426,-4247,-4068,-3889,-3710,-3531,-3352,-3173,-2994,-2815,-2636,-2457,-2278,-2099,-1920,-1741,-1562,-1383,-1204,-1025,-846,-667,-488,-309,-130
50,229,408,587,766,945,1124,1303,1482,1661,1840,2019,2198,2377,2556,2735,2914,3093,3272,3451,3630,3809,3988,4167,4346,4525,4704,4883,5062,5241,5420,5599,5778,5957,6136,6315,6494,6673,6852,7031,7210,7389,7568,7747,7926,8105,8284,8463,8642,8821,9000,9179,9358,9537,9716,9895,10074,10253,10432,10611,10790,10969,11148,11327,11506,11685,11864,12043,12222,12401,12580,12759,12938,13117,13296,13475,13654,13833,14012,14191,14370,14549,14728,14907,15086,15265,15444,15623,15802,-15881,-15702,-15523,-15344,-15165,-14986,-14807,-14628,-14449,-14270,-14091,-13912,-13733,-13554,-13375,-13196,-13017,-12838,-12659,-12480,-12301,-12122,-11943,-11764,-11585,-11406,-11227,-11048,-10869,-10690,-10511,-10332,-10153,-9974,-9795,-9616,-9437,-9258,-9079,-8950,-8900,-8721,-8542,-8363,-8184,-8005,-7826,-7647,-7468,-7289,-7110,-6931,-6752,-6573,-6394,-6215,-6036,-5857,-5678,-5499,-5320,-5141,-4962,-4783,-4604,-4425,-4246,-4067,-3888,-3709,-3530,-3351,-3172,-2993,-2814,-2635,-2456,-2277,-2098,-1919,-1740,-1561,-1382,-1203,-1024,-845,-666,-487,-308,-129
51,230,409,588,767,946,1125,1304,1483,1662,1841,2020,2199,2378,2557,2736,2915,3094,3273,3452,3631,3810,3989,4168,4347,4526,4705,4884,5063,5242,5421,5600,5779,5958,6137,6316,6495,6674,6853,7032,7211,7390,7569,7748,7927,8106,8285,8464,8643,8822,9001,9180,9359,9538,9717,9896,10075,10254,10433,10612,10791,10970,11149,11328,11507,11686,11865,12044,12223,12402,12581,12760,12939,13118,13297,13476,13655,13834,14013,14192,14371,14550,14729,14908,15087,15266,15445,15624,15803,-15880,-15701,-15522,-15343,-15164,-14985,-14806,-14627,-14448,-14269,-14090,-13911,-13732,-13553,-13374,-13195,-13016,-12837,-12658,-12479,-12300,-12121,-11942,-11763,-11584,-11405,-11226,-11047,-10868,-10689,-10510,-10331,-10152,-9973,-9794,-9615,-9436,-9257,-9129,-9078,-8899,-8720,-8541,-8362,-8183,-8004,-7825,-7646,-7467,-7288,-7109,-6930,-6751,-6572,-6393,-6214,-6035,-5856,-5677,-5498,-5319,-5140,-4961,-4782,-4603,-4424,-4245,-4066,-3887,-3708,-3529,-3350,-3171,-2992,-2813,-2634,-2455,-2276,-2097,-1918,-1739,-1560,-1381,-1202,-1023,-844,-665,-486,-307,-128
52,231,410,589,768,947,1126,1305,1484,1663,1842,2021,2200,2379,2558,2737,2916,3095,3274,3453,3632,3811,3990,4169,4348,4527,4706,4885,5064,5243,5422,5601,5780,5959,6138,6317,6496,6675,6854,7033,7212,7391,7570,7749,7928,8107,8286,8465,8644,8823,9002,9181,9360,9539,9718,9897,10076,10255,10434,10613,10792,10971,11150,11329,11508,11687,11866,12045,12224,12403,12582,12761,12940,13119,13298,13477,13656,13835,14014,14193,14372,14551,14730,14909,15088,15267,15446,15625,15804,-15879,-15700,-15521,-15342,-15163,-14984,-14805,-14626,-14447,-14268,-14089,-13910,-13731,-13552,-13373,-13194,-13015,-12836,-12657,-12478,-12299,-12120,-11941,-11762,-11583,-11404,-11225,-11046,-10867,-10688,-10509,-10330,-10151,-9972,-9793,-9614,-9435,-9308,-9256,-9077,-8898,-8719,-8540,-8361,-8182,-8003,-7824,-7645,-7466,-7287,-7108,-6929,-6750,-6571,-6392,-6213,-6034,-5855,-5676,-5497,-5318,-5139,-4960,-4781,-4602,-4423,-4244,-4065,-3886,-3707,-3528,-3349,-3170,-2991,-2812,-2633,-2454,-2275,-2096,-1917,-1738,-1559,-1380,-1201,-1022,-843,-664,-485,-306,-127
53,232,411,590,769,948,1127,1306,1485,1664,1843,2022,2201,2380,2559,2738,2917,3096,3275,3454,3633,3812,3991,4170,4349,4528,4707,4886,5065,5244,5423,5602,5781,5960,6139,6318,6497,6676,6855,7034,7213,7392,7571,7750,7929,8108,8287,8466,8645,8824,9003,9182,9361,9540,9719,9898,10077,10256,10435,10614,10793,10972,11151,11330,11509,11688,11867,12046,12225,12404,12583,12762,12941,13120,13299,13478,13657,13836,14015,14194,14373,14552,14731,14910,15089,15268,15447,15626,15805,-15878,-15699,-15520,-15341,-15162,-14983,-14804,-14625,-14446,-14267,-14088,-13909,-13730,-13551,-13372,-13193,-13014,-12835,-12656,-12477,-12298,-12119,-11940,-11761,-11582,-11403,-11224,-11045,-10866,-10687,-10508,-10329,-10150,-9971,-9792,-9613,-9487,-9434,-9255,-9076,-8897,-8718,-8539,-8360,-8181,-8002,-7823,-7644,-7465,-7286,-7107,-6928,-6749,-6570,-6391,-6212,-6033,-5854,-5675,-5496,-5317,-5138,-4959,-4780,-4601,-4422,-4243,-4064,-3885,-3706,-3527,-3348,-3169,-2990,-2811,-2632,-2453,-2274,-2095,-1916,-1737,-1558,-1379,-1200,-1021,-842,-663,-484,-305,-126
54,233,412,591,770,949,1128,1307,1486,1665,1844,2023,2202,2381,2560,2739,2918,3097,3276,3455,3634,3813,3992,4171,4350,4529,4708,4887,5066,5245,5424,5603,5782,5961,6140,6319,6498,6677,6856,7035,7214,7393,7572,7751,7930,8109,8288,8467,8646,8825,9004,9183,9362,9541,9720,9899,10078,10257,10436,10615,10794,10973,11152,11331,11510,11689,11868,12047,12226,12405,12584,12763,12942,13121,13300,13479,13658,13837,14016,14195,14374,14553,14732,14911,15090,15269,15448,15627,15806,-15877,-15698,-15519,-15340,-15161,-14982,-14803,-14624,-14445,-14266,-14087,-13908,-13729,-13550,-13371,-13192,-13013,-12834,-12655,-12476,-12297,-12118,-11939,-11760,-11581,-11402,-11223,-11044,-10865,-10686,-10507,-10328,-10149,-9970,-9791,-9666,-9612,-9433,-9254,-9075,-8896,-8717,-8538,-8359,-8180,-8001,-7822,-7643,-7464,-7285,-7106,-6927,-6748,-6569,-6390,-6211,-6032,-5853,-5674,-5495,-5316,-5137,-4958,-4779,-4600,-4421,-4242,-4063,-3884,-3705,-3526,-3347,-3168,-2989,-2810,-2631,-2452,-2273,-2094,-1915,-1736,-1557,-1378,-1199,-1020,-841,-662,-483,-304,-125
55,234,413,592,771,950,1129,1308,1487,1666,1845,2024,2203,2382,2561,2740,2919,3098,3277,3456,3635,3814,3993,4172,4351,4530,4709,4888,5067,5246,5425,5604,5783,5962,6141,6320,6499,6678,6857,7036,7215,7394,7573,7752,7931,8110,8289,8468,8647,8826,9005,9184,9363,9542,9721,9900,10079,10258,10437,10616,10795,10974,11153,11332,11511,11690,11869,12048,12227,12406,12585,12764,12943,13122,13301,13480,13659,13838,14017,14196,14375,14554,14733,14912,15091,15270,15449,15628,15807,-15876,-15697,-15518,-15339,-15160,-14981,-14802,-14623,-14444,-14265,-14086,-13907,-13728,-13549,-13370,-13191,-13012,-12833,-12654,-12475,-12296,-12117,-11938,-11759,-11580,-11401,-11222,-11043,-10864,-10685,-10506,-10327,-10148,-9969,-9845,-9790,-9611,-9432,-9253,-9074,-8895,-8716,-8537,-8358,-8179,-8000,-7821,-7642,-7463,-7284,-7105,-6926,-6747,-6568,-6389,-6210,-6031,-5852,-5673,-5494,-5315,-5136,-4957,-4778,-4599,-4420,-4241,-4062,-3883,-3704,-3525,-3346,-3167,-2988,-2809,-2630,-2451,-2272,-2093,-1914,-1735,-1556,-1377,-1198,-1019,-840,-661,-482,-303,-124
56,235,414,593,772,951,1130,1309,1488,1667,1846,2025,2204,2383,2562,2741,2920,3099,3278,3457,3636,3815,3994,4173,4352,4531,4710,4889,5068,5247,5426,5605,5784,5963,6142,6321,6500,6679,6858,7037,7216,7395,7574,7753,7932,8111,8290,8469,8648,8827,9006,9185,9364,9543,9722,9901,10080,10259,10438,10617,10796,10975,11154,11333,11512,11691,11870,12049,12228,12407,12586,12765,12944,13123,13302,13481,13660,13839,14018,14197,14376,14555,14734,14913,15092,15271,15450,15629,15808,-15875,-15696,-15517,-15338,-15159,-14980,-14801,-14622,-14443,-14264,-14085,-13906,-13727,-13548,-13369,-13190,-13011,-12832,-12653,-12474,-12295,-12116,-11937,-11758,-11579,-11400,-11221,-11042,-10863,-10684,-10505,-10326,-10147,-10024,-9968,-9789,-9610,-9431,-9252,-9073,-8894,-8715,-8536,-8357,-8178,-7999,-7820,-7641,-7462,-7283,-7104,-6925,-6746,-6567,-6388,-6209,-6030,-5851,-5672,-5493,-5314,-5135,-4956,-4777,-4598,-4419,-4240,-4061,-3882,-3703,-3524,-3345,-3166,-2987,-2808,-2629,-2450,-2271,-2092,-1913,-1734,-1555,-1376,-1197,-1018,-839,-660,-481,-302,-123
57,236,415,594,773,952,1131,1310,1489,1668,1847,2026,2205,2384,2563,2742,2921,3100,3279,3458,3637,3816,3995,4174,4353,4532,4711,4890,5069,5248,5427,5606,5785,5964,6143,6322,6501,6680,6859,7038,7217,7396,7575,7754,7933,8112,8291,8470,8649,8828,9007,9186,9365,9544,9723,9902,10081,10260,10439,10618,10797,10976,11155,11334,11513,11692,11871,12050,12229,12408,12587,12766,12945,13124,13303,13482,13661,13840,14019,14198,14377,14556,14735,14914,15093,15272,15451,15630,15809,-15874,-15695,-15516,-15337,-15158,-14979,-14800,-14621,-14442,-14263,-14084,-13905,-13726,-13547,-13368,-13189,-13010,-12831,-12652,-12473,-12294,-12115,-11936,-11757,-11578,-11399,-11220,-11041,-10862,-10683,-10504,-10325,-10203,-10146,-9967,-9788,-9609,-9430,-9251,-9072,-8893,-8714,-8535,-8356,-8177,-7998,-7819,-7640,-7461,-7282,-7103,-6924,-6745,-6566,-6387,-6208,-6029,-5850,-5671,-5492,-5313,-5134,-4955,-4776,-4597,-4418,-4239,-4060,-3881,-3702,-3523,-3344,-3165,-2986,-2807,-2628,-2449,-2270,-2091,-1912,-1733,-1554,-1375,-1196,-1017,-838,-659,-480,-301,-122
58,237,416,595,774,953,1132,1311,1490,1669,1848,2027,2206,2385,2564,2743,2922,3101,3280,3459,3638,3817,3996,4175,4354,4533,4712,4891,5070,5249,5428,5607,5786,5965,6144,6323,6502,6681,6860,7039,7218,7397,7576,7755,7934,8113,8292,8471,8650,8829,9008,9187,9366,9545,9724,9903,10082,10261,10440,10619,10798,10977,11156,11335,11514,11693,11872,12051,12230,12409,12588,12767,12946,13125,13304,13483,13662,13841,14020,14199,14378,14557,14736,14915,15094,15273,15452,15631,15810,-15873,-15694,-15515,-15336,-15157,-14978,-14799,-14620,-14441,-14262,-14083,-13904,-13725,-13546,-13367,-13188,-13009,-12830,-12651,-12472,-12293,-12114,-11935,-11756,-11577,-11398,-11219,-11040,-10861,-10682,-10503,-10382,-10324,-10145,-9966,-9787,-9608,-9429,-9250,-9071,-8892,-8713,-8534,-8355,-8176,-7997,-7818,-7639,-7460,-7281,-7102,-6923,-6744,-6565,-6386,-6207,-6028,-5849,-5670,-5491,-5312,-5133,-4954,-4775,-4596,-4417,-4238,-4059,-3880,-3701,-3522,-3343,-3164,-2985,-2806,-2627,-2448,-2269,-2090,-1911,-1732,-1553,-1374,-1195,-1016,-837,-658,-479,-300,-121
59,238,417,596,775,954,1133,1312,1491,1670,1849,2028,2207,2386,2565,2744,2923,3102,3281,3460,3639,3818,3997,4176,4355,4534,4713,4892,5071,5250,5429,5608,5787,5966,6145,6324,6503,6682,6861,7040,7219,7398,7577,7756,7935,8114,8293,8472,8651,8830,9009,9188,9367,9546,9725,9904,10083,10262,10441,10620,10799,10978,11157,11336,11515,11694,11873,12052,12231,12410,12589,12768,12947,13126,13305,13484,13663,13842,14021,14200,14379,14558,14737,14916,15095,15274,15453,15632,15811,-15872,-15693,-15514,-15335,-15156,-14977,-14798,-14619,-14440,-14261,-14082,-13903,-13724,-13545,-13366,-13187,-13008,-12829,-12650,-12471,-12292,-12113,-11934,-11755,-11576,-11397,-11218,-11039,-10860,-10681,-10561,-10502,-10323,-10144,-9965,-9786,-9607,-9428,-9249,-9070,-8891,-8712,-8533,-8354,-8175,-7996,-7817,-7638,-7459,-7280,-7101,-6922,-6743,-6564,-6385,-6206,-6027,-5848,-5669,-5490,-5311,-5132,-4953,-4774,-4595,-4416,-4237,-4058,-3879,-3700,-3521,-3342,-3163,-2984,-2805,-2626,-2447,-2268,-2089,-1910,-1731,-1552,-1373,-1194,-1015,-836,-657,-478,-299,-120
60,239,418,597,776,955,1134,1313,1492,1671,1850,2029,2208,2387,2566,2745,2924,3103,3282,3461,3640,3819,3998,4177,4356,4535,4714,4893,5072,5251,5430,5609,5788,5967,6146,6325,6504,6683,6862,7041,7220,7399,7578,7757,7936,8115,8294,8473,8652,8831,9010,9189,9368,9547,9726,9905,10084,10263,10442,10621,10800,10979,11158,11337,11516,11695,11874,12053,12232,12411,12590,12769,12948,13127,13306,13485,13664,13843,14022,14201,14380,14559,14738,14917,15096,15275,15454,15633,15812,-15871,-15692,-15513,-15334,-15155,-14976,-14797,-14618,-14439,-14260,-14081,-13902,-13723,-13544,-13365,-13186,-13007,-12828,-12649,-12470,-12291,-12112,-11933,-11754,-11575,-11396,-11217,-11038,-10859,-10740,-10680,-10501,-10322,-10143,-9964,-9785,-9606,-9427,-9248,-9069,-8890,-8711,-8532,-8353,-8174,-7995,-7816,-7637,-7458,-7279,-7100,-6921,-6742,-6563,-6384,-6205,-6026,-5847,-5668,-5489,-5310,-5131,-4952,-4773,-4594,-4415,-4236,-4057,-3878,-3699,-3520,-3341,-3162,-2983,-2804,-2625,-2446,-2267,-2088,-1909,-1730,-1551,-1372,-1193,-1014,-835,-656,-477,-298,-119
61,240,419,598,777,956,1135,1314,1493,1672,1851,2030,2209,2388,2567,2746,2925,3104,3283,3462,3641,3820,3999,4178,4357,4536,4715,4894,5073,5252,5431,5610,5789,5968,6147,6326,6505,6684,6863,7042,7221,7400,7579,7758,7937,8116,8295,8474,8653,8832,9011,9190,9369,9548,9727,9906,10085,10264,10443,10622,10801,10980,11159,11338,11517,11696,11875,12054,12233,12412,12591,12770,12949,13128,13307,13486,13665,13844,14023,14202,14381,14560,14739,14918,15097,15276,15455,15634,15813,-15870,-15691,-15512,-15333,-15154,-14975,-14796,-14617,-14438,-14259,-14080,-13901,-13722,-13543,-13364,-13185,-13006,-12827,-12648,-12469,-12290,-12111,-11932,-11753,-11574,-11395,-11216,-11037,-10919,-10858,-10679,-10500,-10321,-10142,-9963,-9784,-9605,-9426,-9247,-9068,-8889,-8710,-8531,-8352,-8173,-7994,-7815,-7636,-7457,-7278,-7099,-6920,-6741,-6562,-6383,-6204,-6025,-5846,-5667,-5488,-5309,-5130,-4951,-4772,-4593,-4414,-4235,-4056,-3877,-3698,-3519,-3340,-3161,-2982,-2803,-2624,-2445,-2266,-2087,-1908,-1729,-1550,-1371,-1192,-1013,-834,-655,-476,-297,-118
62,241,420,599,778,957,1136,1315,1494,1673,1852,2031,2210,2389,2568,2747,2926,3105,3284,3463,3642,3821,4000,4179,4358,4537,4716,4895,5074,5253,5432,5611,5790,5969,6148,6327,6506,6685,6864,7043,7222,7401,7580,7759,7938,8117,8296,8475,8654,8833,9012,9191,9370,9549,9728,9907,10086,10265,10444,10623,10802,10981,11160,11339,11518,11697,11876,12055,12234,12413,12592,12771,12950,13129,13308,13487,13666,13845,14024,14203,14382,14561,14740,14919,15098,15277,15456,15635,15814,-15869,-15690,-15511,-15332,-15153,-14974,-14795,-14616,-14437,-14258,-14079,-13900,-13721,-13542,-13363,-13184,-13005,-12826,-12647,-12468,-12289,-12110,-11931,-11752,-11573,-11394,-11215,-11098,-11036,-10857,-10678,-10499,-10320,-10141,-9962,-9783,-9604,-9425,-9246,-9067,-8888,-8709,-8530,-8351,-8172,-7993,-7814,-7635,-7456,-7277,-7098,-6919,-6740,-6561,-6382,-6203,-6024,-5845,-5666,-5487,-5308,-5129,-4950,-4771,-4592,-4413,-4234,-4055,-3876,-3697,-3518,-3339,-3160,-2981,-2802,-2623,-2444,-2265,-2086,-1907,-1728,-1549,-1370,-1191,-1012,-833,-654,-475,-296,-117
63,242,421,600,779,958,1137,1316,1495,1674,1853,2032,2211,2390,2569,2748,2927,3106,3285,3464,3643,3822,4001,4180,4359,4538,4717,4896,5075,5254,5433,5612,5791,5970,6149,6328,6507,6686,6865,7044,7223,7402,7581,7760,7939,8118,8297,8476,8655,8834,9013,9192,9371,9550,9729,9908,10087,10266,10445,10624,10803,10982,11161,11340,11519,11698,11877,12056,12235,12414,12593,12772,12951,13130,13309,13488,13667,13846,14025,14204,14383,14562,14741,14920,15099,15278,15457,15636,15815,-15868,-15689,-15510,-15331,-15152,-14973,-14794,-14615,-14436,-14257,-14078,-13899,-13720,-13541,-13362,-13183,-13004,-12825,-12646,-12467,-12288,-12109,-11930,-11751,-11572,-11393,-11277,-11214,-11035,-10856,-10677,-10498,-10319,-10140,-9961,-9782,-9603,-9424,-9245,-9066,-8887,-8708,-8529,-8350,-8171,-7992,-7813,-7634,-7455,-7276,-7097,-6918,-6739,-6560,-6381,-6202,-6023,-5844,-5665,-5486,-5307,-5128,-4949,-4770,-4591,-4412,-4233,-4054,-3875,-3696,-3517,-3338,-3159,-2980,-2801,-2622,-2443,-2264,-2085,-1906,-1727,-1548,-1369,-1190,-1011,-832,-653,-474,-295,-116
64,243,422,601,780,959,1138,1317,1496,1675,1854,2033,2212,2391,2570,2749,2928,3107,3286,3465,3644,3823,4002,4181,4360,4539,4718,4897,5076,5255,5434,5613,5792,5971,6150,6329,6508,6687,6866,7045,7224,7403,7582,7761,7940,8119,8298,8477,8656,8835,9014,9193,9372,9551,9730,9909,10088,10267,10446,10625,10804,10983,11162,11341,11520,11699,11878,12057,12236,12415,12594,12773,12952,13131,13310,13489,13668,13847,14026,14205,14384,14563,14742,14921,15100,15279,15458,15637,15816,-15867,-15688,-15509,-15330,-15151,-14972,-14793,-14614,-14435,-14256,-14077,-13898,-13719,-13540,-13361,-13182,-13003,-12824,-12645,-12466,-12287,-12108,-11929,-11750,-11571,-11456,-11392,-11213,-11034,-10855,-10676,-10497,-10318,-10139,-9960,-9781,-9602,-9423,-9244,-9065,-8886,-8707,-8528,-8349,-8170,-7991,-7812,-7633,-7454,-7275,-7096,-6917,-6738,-6559,-6380,-6201,-6022,-5843,-5664,-5485,-5306,-5127,-4948,-4769,-4590,-4411,-4232,-4053,-3874,-3695,-3516,-3337,-3158,-2979,-2800,-2621,-2442,-2263,-2084,-1905,-1726,-1547,-1368,-1189,-1010,-831,-652,-473,-294,-115
65,244,423,602,781,960,1139,1318,1497,1676,1855,2034,2213,2392,2571,2750,2929,3108,3287,3466,3645,3824,4003,4182,4361,4540,4719,4898,5077,5256,5435,5614,5793,5972,6151,6330,6509,6688,6867,7046,7225,7404,7583,7762,7941,8120,8299,8478,8657,8836,9015,9194,9373,9552,9731,9910,10089,10268,10447,10626,10805,10984,11163,11342,11521,11700,11879,12058,12237,12416,12595,12774,12953,13132,13311,13490,13669,13848,14027,14206,14385,14564,14743,14922,15101,15280,15459,15638,15817,-15866,-15687,-15508,-15329,-15150,-14971,-14792,-14613,-14434,-14255,-14076,-13897,-13718,-13539,-13360,-13181,-13002,-12823,-12644,-12465,-12286,-12107,-11928,-11749,-11635,-11570,-11391,-11212,-11033,-10854,-10675,-10496,-10317,-10138,-9959,-9780,-9601,-9422,-9243,-9064,-8885,-8706,-8527,-8348,-8169,-7990,-7811,-7632,-7453,-7274,-7095,-6916,-6737,-6558,-6379,-6200,-6021,-5842,-5663,-5484,-5305,-5126,-4947,-4768,-4589,-4410,-4231,-4052,-3873,-3694,-3515,-3336,-3157,-2978,-2799,-2620,-2441,-2262,-2083,-1904,-1725,-1546,-1367,-1188,-1009,-830,-651,-472,-293,-114
66,245,424,603,782,961,1140,1319,1498,1677,1856,2035,2214,2393,2572,2751,2930,3109,3288,3467,3646,3825,4004,4183,4362,4541,4720,4899,5078,5257,5436,5615,5794,5973,6152,6331,6510,6689,6868,7047,7226,7405,7584,7763,7942,8121,8300,8479,8658,8837,9016,9195,9374,9553,9732,9911,10090,10269,10448,10627,10806,10985,11164,11343,11522,11701,11880,12059,12238,12417,12596,12775,12954,13133,13312,13491,13670,13849,14028,14207,14386,14565,14744,14923,15102,15281,15460,15639,15818,-15865,-15686,-15507,-15328,-15149,-14970,-14791,-14612,-14433,-14254,-14075,-13896,-13717,-13538,-13359,-13180,-13001,-12822,-12643,-12464,-12285,-12106,-11927,-11814,-11748,-11569,-11390,-11211,-11032,-10853,-10674,-10495,-10316,-10137,-9958,-9779,-9600,-9421,-9242,-9063,-8884,-8705,-8526,-8347,-8168,-7989,-7810,-7631,-7452,-7273,-7094,-6915,-6736,-6557,-6378,-6199,-6020,-5841,-5662,-5483,-5304,-5125,-4946,-4767,-4588,-4409,-4230,-4051,-3872,-3693,-3514,-3335,-3156,-2977,-2798,-2619,-2440,-2261,-2082,-1903,-1724,-1545,-1366,-1187,-1008,-829,-650,-471,-292,-113
67,246,425,604,783,962,1141,1320,1499,1678,1857,2036,2215,2394,2573,2752,2931,3110,3289,3468,3647,3826,4005,4184,4363,4542,4721,4900,5079,5258,5437,5616,5795,5974,6153,6332,6511,6690,6869,7048,7227,7406,7585,7764,7943,8122,8301,8480,8659,8838,9017,9196,9375,9554,9733,9912,10091,10270,10449,10628,10807,10986,11165,11344,11523,11702,11881,12060,12239,12418,12597,12776,12955,13134,13313,13492,13671,13850,14029,14208,14387,14566,14745,14924,15103,15282,15461,15640,15819,-15864,-15685,-15506,-15327,-15148,-14969,-14790,-14611,-14432,-14253,-14074,-13895,-13716,-13537,-13358,-13179,-13000,-12821,-12642,-12463,-12284,-12105,-11993,-11926,-11747,-11568,-11389,-11210,-11031,-10852,-10673,-10494,-10315,-10136,-9957,-9778,-9599,-9420,-9241,-9062,-8883,-8704,-8525,-8346,-8167,-7988,-7809,-7630,-7451,-7272,-7093,-6914,-6735,-6556,-6377,-6198,-6019,-5840,-5661,-5482,-5303,-5124,-4945,-4766,-4587,-4408,-4229,-4050,-3871,-3692,-3513,-3334,-3155,-2976,-2797,-2618,-2439,-2260,-2081,-1902,-1723,-1544,-1365,-1186,-1007,-828,-649,-470,-291,-112
68,247,426,605,784,963,1142,1321,1500,1679,1858,2037,2216,2395,2574,2753,2932,3111,3290,3469,3648,3827,4006,4185,4364,4543,4722,4901,5080,5259,5438,5617,5796,5975,6154,6333,6512,6691,6870,7049,7228,7407,7586,7765,7944,8123,8302,8481,8660,8839,9018,9197,9376,9555,9734,9913,10092,10271,10450,10629,10808,10987,11166,11345,11524,11703,11882,12061,12240,12419,12598,12777,12956,13135,13314,13493,13672,13851,14030,14209,14388,14567,14746,14925,15104,15283,15462,15641,15820,-15863,-15684,-15505,-15326,-15147,-14968,-14789,-14610,-14431,-14252,-14073,-13894,-13715,-13536,-13357,-13178,-12999,-12820,-12641,-12462,-12283,-12172,-12104,-11925,-11746,-11567,-11388,-11209,-11030,-10851,-10672,-10493,-10314,-10135,-9956,-9777,-9598,-9419,-9240,-9061,-8882,-8703,-8524,-8345,-8166,-7987,-7808,-7629,-7450,-7271,-7092,-6913,-6734,-6555,-6376,-6197,-6018,-5839,-5660,-5481,-5302,-5123,-4944,-4765,-4586,-4407,-4228,-4049,-3870,-3691,-3512,-3333,-3154,-2975,-2796,-2617,-2438,-2259,-2080,-1901,-1722,-1543,-1364,-1185,-1006,-827,-648,-469,-290,-111
69,248,427,606,785,964,1143,1322,1501,1680,1859,2038,2217,2396,2575,2754,2933,3112,3291,3470,3649,3828,4007,4186,4365,4544,4723,4902,5081,5260,5439,5618,5797,5976,6155,6334,6513,6692,6871,7050,7229,7408,7587,7766,7945,8124,8303,8482,8661,8840,9019,9198,9377,9556,9735,9914,10093,10272,10451,10630,10809,10988,11167,11346,11525,11704,11883,12062,12241,12420,12599,12778,12957,13136,13315,13494,13673,13852,14031,14210,14389,14568,14747,14926,15105,15284,15463,15642,15821,-15862,-15683,-15504,-15325,-15146,-14967,-14788,-14609,-14430,-14251,-14072,-13893,-13714,-13535,-13356,-13177,-12998,-12819,-12640,-12461,-12351,-12282,-12103,-11924,-11745,-11566,-11387,-11208,-11029,-10850,-10671,-10492,-10313,-10134,-9955,-9776,-9597,-9418,-9239,-9060,-8881,-8702,-8523,-8344,-8165,-7986,-7807,-7628,-7449,-7270,-7091,-6912,-6733,-6554,-6375,-6196,-6017,-5838,-5659,-5480,-5301,-5122,-4943,-4764,-4585,-4406,-4227,-4048,-3869,-3690,-3511,-3332,-3153,-2974,-2795,-2616,-2437,-2258,-2079,-1900,-1721,-1542,-1363,-1184,-1005,-826,-647,-468,-289,-110
70,249,428,607,786,965,1144,1323,1502,1681,1860,2039,2218,2397,2576,2755,2934,3113,3292,3471,3650,3829,4008,4187,4366,4545,4724,4903,5082,5261,5440,5619,5798,5977,6156,6335,6514,6693,6872,7051,7230,7409,7588,7767,7946,8125,8304,8483,8662,8841,9020,9199,9378,9557,9736,9915,10094,10273,10452,10631,10810,10989,11168,11347,11526,11705,11884,12063,12242,12421,12600,12779,12958,13137,13316,13495,13674,13853,14032,14211,14390,14569,14748,14927,15106,15285,15464,15643,15822,-15861,-15682,-15503,-15324,-15145,-14966,-14787,-14608,-14429,-14250,-14071,-13892,-13713,-13534,-13355,-13176,-12997,-12818,-12639,-12530,-12460,-12281,-12102,-11923,-11744,-11565,-11386,-11207,-11028,-10849,-10670,-10491,-10312,-10133,-9954,-9775,-9596,-9417,-9238,-9059,-8880,-8701,-8522,-8343,-8164,-7985,-7806,-7627,-7448,-7269,-7090,-6911,-6732,-6553,-6374,-6195,-6016,-5837,-5658,-5479,-5300,-5121,-4942,-4763,-4584,-4405,-4226,-4047,-3868,-3689,-3510,-3331,-3152,-2973,-2794,-2615,-2436,-2257,-2078,-1899,-1720,-1541,-1362,-1183,-1004,-825,-646,-467,-288,-109
71,250,429,608,787,966,1145,1324,1503,1682,1861,2040,2219,2398,2577,2756,2935,3114,3293,3472,3651,3830,4009,4188,4367,4546,4725,4904,5083,5262,5441,5620,5799,5978,6157,6336,6515,6694,6873,7052,7231,7410,7589,7768,7947,8126,8305,8484,8663,8842,9021,9200,9379,9558,9737,9916,10095,10274,10453,10632,10811,10990,11169,11348,11527,11706,11885,12064,12243,12422,12601,12780,12959,13138,13317,13496,13675,13854,14033,14212,14391,14570,14749,14928,15107,15286,15465,15644,15823,-15860,-15681,-15502,-15323,-15144,-14965,-14786,-14607,-14428,-14249,-14070,-13891,-13712,-13533,-13354,-13175,-12996,-12817,-12709,-12638,-12459,-12280,-12101,-11922,-11743,-11564,-11385,-11206,-11027,-10848,-10669,-10490,-10311,-10132,-9953,-9774,-9595,-9416,-9237,-9058,-8879,-8700,-8521,-8342,-8163,-7984,-7805,-7626,-7447,-7268,-7089,-6910,-6731,-6552,-6373,-6194,-6015,-5836,-5657,-5478,-5299,-5120,-4941,-4762,-4583,-4404,-4225,-4046,-3867,-3688,-3509,-3330,-3151,-2972,-2793,-2614,-2435,-2256,-2077,-1898,-1719,-1540,-1361,-1182,-1003,-824,-645,-466,-287,-108
72,251,430,609,788,967,1146,1325,1504,1683,1862,2041,2220,2399,2578,2757,2936,3115,3294,3473,3652,3831,4010,4189,4368,4547,4726,4905,5084,5263,5442,5621,5800,5979,6158,6337,6516,6695,6874,7053,7232,7411,7590,7769,7948,8127,8306,8485,8664,8843,9022,9201,9380,9559,9738,9917,10096,10275,10454,10633,10812,10991,11170,11349,11528,11707,11886,12065,12244,12423,12602,12781,12960,13139,13318,13497,13676,13855,14034,14213,14392,14571,14750,14929,15108,15287,15466,15645,15824,-15859,-15680,-15501,-15322,-15143,-14964,-14785,-14606,-14427,-14248,-14069,-13890,-13711,-13532,-13353,-13174,-12995,-12888,-12816,-12637,-12458,-12279,-12100,-11921,-11742,-11563,-11384,-11205,-11026,-10847,-10668,-10489,-10310,-10131,-9952,-9773,-9594,-9415,-9236,-9057,-8878,-8699,-8520,-8341,-8162,-7983,-7804,-7625,-7446,-7267,-7088,-6909,-6730,-6551,-6372,-6193,-6014,-5835,-5656,-5477,-5298,-5119,-4940,-4761,-4582,-4403,-4224,-4045,-3866,-3687,-3508,-3329,-3150,-2971,-2792,-2613,-2434,-2255,-2076,-1897,-1718,-1539,-1360,-1181,-1002,-823,-644,-465,-286,-107
73,252,431,610,789,968,1147,1326,1505,1684,1863,2042,2221,2400,2579,2758,2937,3116,3295,3474,3653,3832,4011,4190,4369,4548,4727,4906,5085,5264,5443,5622,5801,5980,6159,6338,6517,6696,6875,7054,7233,7412,7591,7770,7949,8128,8307,8486,8665,8844,9023,9202,9381,9560,9739,9918,10097,10276,10455,10634,10813,10992,11171,11350,11529,11708,11887,12066,12245,12424,12603,12782,12961,13140,13319,13498,13677,13856,14035,14214,14393,14572,14751,14930,15109,15288,15467,15646,15825,-15858,-15679,-15500,-15321,-15142,-14963,-14784,-14605,-14426,-14247,-14068,-13889,-13710,-13531,-13352,-13173,-13067,-12994,-12815,-12636,-12457,-12278,-12099,-11920,-11741,-11562,-11383,-11204,-11025,-10846,-10667,-10488,-10309,-10130,-9951,-9772,-9593,-9414,-9235,-9056,-8877,-8698,-8519,-8340,-8161,-7982,-7803,-7624,-7445,-7266,-7087,-6908,-6729,-6550,-6371,-6192,-6013,-5834,-5655,-5476,-5297,-5118,-4939,-4760,-4581,-4402,-4223,-4044,-3865,-3686,-3507,-3328,-3149,-2970,-2791,-2612,-2433,-2254,-2075,-1896,-1717,-1538,-1359,-1180,-1001,-822,-643,-464,-285,-106
74,253,432,611,790,969,1148,1327,1506,1685,1864,2043,2222,2401,2580,2759,2938,3117,3296,3475,3654,3833,4012,4191,4370,4549,4728,4907,5086,5265,5444,5623,5802,5981,6160,6339,6518,6697,6876,7055,7234,7413,7592,7771,7950,8129,8308,8487,8666,8845,9024,9203,9382,9561,9740,9919,10098,10277,10456,10635,10814,10993,11172,11351,11530,11709,11888,12067,12246,12425,12604,12783,12962,13141,13320,13499,13678,13857,14036,14215,14394,14573,14752,14931,15110,15289,15468,15647,15826,-15857,-15678,-15499,-15320,-15141,-14962,-14783,-14604,-14425,-14246,-14067,-13888,-13709,-13530,-13351,-13246,-13172,-12993,-12814,-12635,-12456,-12277,-12098,-11919,-11740,-11561,-11382,-11203,-11024,-10845,-10666,-10487,-10308,-10129,-9950,-9771,-9592,-9413,-9234,-9055,-8876,-8697,-8518,-8339,-8160,-7981,-7802,-7623,-7444,-7265,-7086,-6907,-6728,-6549,-6370,-6191,-6012,-5833,-5654,-5475,-5296,-5117,-4938,-4759,-4580,-4401,-4222,-4043,-3864,-3685,-3506,-3327,-3148,-2969,-2790,-2611,-2432,-2253,-2074,-1895,-1716,-1537,-1358,-1179,-1000,-821,-642,-463,-284,-105
75,254,433,612,791,970,1149,1328,1507,1686,1865,2044,2223,2402,2581,2760,2939,3118,3297,3476,3655,3834,4013,4192,4371,4550,4729,4908,5087,5266,5445,5624,5803,5982,6161,6340,6519,6698,6877,7056,7235,7414,7593,7772,7951,8130,8309,8488,8667,8846,9025,9204,9383,9562,9741,9920,10099,10278,10457,10636,10815,10994,11173,11352,11531,11710,11889,12068,12247,12426,12605,12784,12963,13142,13321,13500,13679,13858,14037,14216,14395,14574,14753,14932,15111,15290,15469,15648,15827,-15856,-15677,-15498,-15319,-15140,-14961,-14782,-14603,-14424,-14245,-14066,-13887,-13708,-13529,-13425,-13350,-13171,-12992,-12813,-12634,-12455,-12276,-12097,-11918,-11739,-11560,-11381,-11202,-11023,-10844,-10665,-10486,-10307,-10128,-9949,-9770,-9591,-9412,-9233,-9054,-8875,-8696,-8517,-8338,-8159,-7980,-7801,-7622,-7443,-7264,-7085,-6906,-6727,-6548,-6369,-6190,-6011,-5832,-5653,-5474,-5295,-5116,-4937,-4758,-4579,-4400,-4221,-4042,-3863,-3684,-3505,-3326,-3147,-2968,-2789,-2610,-2431,-2252,-2073,-1894,-1715,-1536,-1357,-1178,-999,-820,-641,-462,-283,-104
76,255,434,613,792,971,1150,1329,1508,1687,1866,2045,2224,2403,2582,2761,2940,3119,3298,3477,3656,3835,4014,4193,4372,4551,4730,4909,5088,5267,5446,5625,5804,5983,6162,6341,6520,6699,6878,7057,7236,7415,7594,7773,7952,8131,8310,8489,8668,8847,9026,9205,9384,9563,9742,9921,10100,10279,10458,10637,10816,10995,11174,11353,11532,11711,11890,12069,12248,12427,12606,12785,12964,13143,13322,13501,13680,13859,14038,14217,14396,14575,14754,14933,15112,15291,15470,15649,15828,-15855,-15676,-15497,-15318,-15139,-14960,-14781,-14602,-14423,-14244,-14065,-13886,-13707,-13604,-13528,-13349,-13170,-12991,-12812,-12633,-12454,-12275,-12096,-11917,-11738,-11559,-11380,-11201,-11022,-10843,-10664,-10485,-10306,-10127,-9948,-9769,-9590,-9411,-9232,-9053,-8874,-8695,-8516,-8337,-8158,-7979,-7800,-7621,-7442,-7263,-7084,-6905,-6726,-6547,-6368,-6189,-6010,-5831,-5652,-5473,-5294,-5115,-4936,-4757,-4578,-4399,-4220,-4041,-3862,-3683,-3504,-3325,-3146,-2967,-2788,-2609,-2430,-2251,-2072,-1893,-1714,-1535,-1356,-1177,-998,-819,-640,-461,-282,-103
77,256,435,614,793,972,1151,1330,1509,1688,1867,2046,2225,2404,2583,2762,2941,3120,3299,3478,3657,3836,4015,4194,4373,4552,4731,4910,5089,5268,5447,5626,5805,5984,6163,6342,6521,6700,6879,7058,7237,7416,7595,7774,7953,8132,8311,8490,8669,8848,9027,9206,9385,9564,9743,9922,10101,10280,10459,10638,10817,10996,11175,11354,11533,11712,11891,12070,12249,12428,12607,12786,12965,13144,13323,13502,13681,13860,14039,14218,14397,14576,14755,14934,15113,15292,15471,15650,15829,-15854,-15675,-15496,-15317,-15138,-14959,-14780,-14601,-14422,-14243,-14064,-13885,-13783,-13706,-13527,-13348,-13169,-12990,-12811,-12632,-12453,-12274,-12095,-11916,-11737,-11558,-11379,-11200,-11021,-10842,-10663,-10484,-10305,-10126,-9947,-9768,-9589,-9410,-9231,-9052,-8873,-8694,-8515,-8336,-8157,-7978,-7799,-7620,-7441,-7262,-7083,-6904,-6725,-6546,-6367,-6188,-6009,-5830,-5651,-5472,-5293,-5114,-4935,-4756,-4577,-4398,-4219,-4040,-3861,-3682,-3503,-3324,-3145,-2966,-2787,-2608,-2429,-2250,-2071,-1892,-1713,-1534,-1355,-1176,-997,-818,-639,-460,-281,-102
78,257,436,615,794,973,1152,1331,1510,1689,1868,2047,2226,2405,2584,2763,2942,3121,3300,3479,3658,3837,4016,4195,4374,4553,4732,4911,5090,5269,5448,5627,5806,5985,6164,6343,6522,6701,6880,7059,7238,7417,7596,7775,7954,8133,8312,8491,8670,8849,9028,9207,9386,9565,9744,9923,10102,10281,10460,10639,10818,10997,11176,11355,11534,11713,11892,12071,12250,12429,12608,12787,12966,13145,13324,13503,13682,13861,14040,14219,14398,14577,14756,14935,15114,15293,15472,15651,15830,-15853,-15674,-15495,-15316,-15137,-14958,-14779,-14600,-14421,-14242,-14063,-13962,-13884,-13705,-13526,-13347,-13168,-12989,-12810,-12631,-12452,-12273,-12094,-11915,-11736,-11557,-11378,-11199,-11020,-10841,-10662,-10483,-10304,-10125,-9946,-9767,-9588,-9409,-9230,-9051,-8872,-8693,-8514,-8335,-8156,-7977,-7798,-7619,-7440,-7261,-7082,-6903,-6724,-6545,-6366,-6187,-6008,-5829,-5650,-5471,-5292,-5113,-4934,-4755,-4576,-4397,-4218,-4039,-3860,-3681,-3502,-3323,-3144,-2965,-2786,-2607,-2428,-2249,-2070,-1891,-1712,-1533,-1354,-1175,-996,-817,-638,-459,-280,-101
79,258,437,616,795,974,1153,1332,1511,1690,1869,2048,2227,2406,2585,2764,2943,3122,3301,3480,3659,3838,4017,4196,4375,4554,4733,4912,5091,5270,5449,5628,5807,5986,6165,6344,6523,6702,6881,7060,7239,7418,7597,7776,7955,8134,8313,8492,8671,8850,9029,9208,9387,9566,9745,9924,10103,10282,10461,10640,10819,10998,11177,11356,11535,11714,11893,12072,12251,12430,12609,12788,12967,13146,13325,13504,13683,13862,14041,14220,14399,14578,14757,14936,15115,15294,15473,15652,15831,-15852,-15673,-15494,-15315,-15136,-14957,-14778,-14599,-14420,-14241,-14141,-14062,-13883,-13704,-13525,-13346,-13167,-12988,-12809,-12630,-12451,-12272,-12093,-11914,-11735,-11556,-11377,-11198,-11019,-10840,-10661,-10482,-10303,-10124,-9945,-9766,-9587,-9408,-9229,-9050,-8871,-8692,-8513,-8334,-8155,-7976,-7797,-7618,-7439,-7260,-7081,-6902,-6723,-6544,-6365,-6186,-6007,-5828,-5649,-5470,-5291,-5112,-4933,-4754,-4575,-4396,-4217,-4038,-3859,-3680,-3501,-3322,-3143,-2964,-2785,-2606,-2427,-2248,-2069,-1890,-1711,-1532,-1353,-1174,-995,-816,-637,-458,-279,-100
80,259,438,617,796,975,1154,1333,1512,1691,1870,2049,2228,2407,2586,2765,2944,3123,3302,3481,3660,3839,4018,4197,4376,4555,4734,4913,5092,5271,5450,5629,5808,5987,6166,6345,6524,6703,6882,7061,7240,7419,7598,7777,7956,8135,8314,8493,8672,8851,9030,9209,9388,9567,9746,9925,10104,10283,10462,10641,10820,10999,11178,11357,11536,11715,11894,12073,12252,12431,12610,12789,12968,13147,13326,13505,13684,13863,14042,14221,14400,14579,14758,14937,15116,15295,15474,15653,15832,-15851,-15672,-15493,-15314,-15135,-14956,-14777,-14598,-14419,-14320,-14240,-14061,-13882,-13703,-13524,-13345,-13166,-12987,-12808,-12629,-12450,-12271,-12092,-11913,-11734,-11555,-11376,-11197,-11018,-10839,-10660,-10481,-10302,-10123,-9944,-9765,-9586,-9407,-9228,-9049,-8870,-8691,-8512,-8333,-8154,-7975,-7796,-7617,-7438,-7259,-7080,-6901,-6722,-6543,-6364,-6185,-6006,-5827,-5648,-5469,-5290,-5111,-4932,-4753,-4574,-4395,-4216,-4037,-3858,-3679,-3500,-3321,-3142,-2963,-2784,-2605,-2426,-2247,-2068,-1889,-1710,-1531,-1352,-1173,-994,-815,-636,-457,-278,-99
81,260,439,618,797,976,1155,1334,1513,1692,1871,2050,2229,2408,2587,2766,2945,3124,3303,3482,3661,3840,4019,4198,4377,4556,4735,4914,5093,5272,5451,5630,5809,5988,6167,6346,6525,6704,6883,7062,7241,7420,7599,7778,7957,8136,8315,8494,8673,8852,9031,9210,9389,9568,9747,9926,10105,10284,10463,10642,10821,11000,11179,11358,11537,11716,11895,12074,12253,12432,12611,12790,12969,13148,13327,13506,13685,13864,14043,14222,14401,14580,14759,14938,15117,15296,15475,15654,15833,-15850,-15671,-15492,-15313,-15134,-14955,-14776,-14597,-14499,-14418,-14239,-14060,-13881,-13702,-13523,-13344,-13165,-12986,-12807,-12628,-12449,-12270,-12091,-11912,-11733,-11554,-11375,-11196,-11017,-10838,-10659,-10480,-10301,-10122,-9943,-9764,-9585,-9406,-9227,-9048,-8869,-8690,-8511,-8332,-8153,-7974,-7795,-7616,-7437,-7258,-7079,-6900,-6721,-6542,-6363,-6184,-6005,-5826,-5647,-5468,-5289,-5110,-4931,-4752,-4573,-4394,-4215,-4036,-3857,-3678,-3499,-3320,-3141,-2962,-2783,-2604,-2425,-2246,-2067,-1888,-1709,-1530,-1351,-1172,-993,-814,-635,-456,-277,-98
82,261,440,619,798,977,1156,1335,1514,1693,1872,2051,2230,2409,2588,2767,2946,3125,3304,3483,3662,3841,4020,4199,4378,4557,4736,4915,5094,5273,5452,5631,5810,5989,6168,6347,6526,6705,6884,7063,7242,7421,7600,7779,7958,8137,8316,8495,8674,8853,9032,9211,9390,9569,9748,9927,10106,10285,10464,10643,10822,11001,11180,11359,11538,11717,11896,12075,12254,12433,12612,12791,12970,13149,13328,13507,13686,13865,14044,14223,14402,14581,14760,14939,15118,15297,15476,15655,15834,-15849,-15670,-15491,-15312,-15133,-14954,-14775,-14678,-14596,-14417,-14238,-14059,-13880,-13701,-13522,-13343,-13164,-12985,-12806,-12627,-12448,-12269,-12090,-11911,-11732,-11553,-11374,-11195,-11016,-10837,-10658,-10479,-10300,-10121,-9942,-9763,-9584,-9405,-9226,-9047,-8868,-8689,-8510,-8331,-8152,-7973,-7794,-7615,-7436,-7257,-7078,-6899,-6720,-6541,-6362,-6183,-6004,-5825,-5646,-5467,-5288,-5109,-4930,-4751,-4572,-4393,-4214,-4035,-3856,-3677,-3498,-3319,-3140,-2961,-2782,-2603,-2424,-2245,-2066,-1887,-1708,-1529,-1350,-1171,-992,-813,-634,-455,-276,-97
83,262,441,620,799,978,1157,1336,1515,1694,1873,2052,2231,2410,2589,2768,2947,3126,3305,3484,3663,3842,4021,4200,4379,4558,4737,4916,5095,5274,5453,5632,5811,5990,6169,6348,6527,6706,6885,7064,7243,7422,7601,7780,7959,8138,8317,8496,8675,8854,9033,9212,9391,9570,9749,9928,10107,10286,10465,10644,10823,11002,11181,11360,11539,11718,11897,12076,12255,12434,12613,12792,12971,13150,13329,13508,13687,13866,14045,14224,14403,14582,14761,14940,15119,15298,15477,15656,15835,-15848,-15669,-15490,-15311,-15132,-14953,-14857,-14774,-14595,-14416,-14237,-14058,-13879,-13700,-13521,-13342,-13163,-12984,-12805,-12626,-12447,-12268,-12089,-11910,-11731,-11552,-11373,-11194,-11015,-10836,-10657,-10478,-10299,-10120,-9941,-9762,-9583,-9404,-9225,-9046,-8867,-8688,-8509,-8330,-8151,-7972,-7793,-7614,-7435,-7256,-7077,-6898,-6719,-6540,-6361,-6182,-6003,-5824,-5645,-5466,-5287,-5108,-4929,-4750,-4571,-4392,-4213,-4034,-3855,-3676,-3497,-3318,-3139,-2960,-2781,-2602,-2423,-2244,-2065,-1886,-1707,-1528,-1349,-1170,-991,-812,-633,-454,-275,-96
84,263,442,621,800,979,1158,1337,1516,1695,1874,2053,2232,2411,2590,2769,2948,3127,3306,3485,3664,3843,4022,4201,4380,4559,4738,4917,5096,5275,5454,5633,5812,5991,6170,6349,6528,6707,6886,7065,7244,7423,7602,7781,7960,8139,8318,8497,8676,8855,9034,9213,9392,9571,9750,9929,10108,10287,10466,10645,10824,11003,11182,11361,11540,11719,11898,12077,12256,12435,12614,12793,12972,13151,13330,13509,13688,13867,14046,14225,14404,14583,14762,14941,15120,15299,15478,15657,15836,-15847,-15668,-15489,-15310,-15131,-15036,-14952,-14773,-14594,-14415,-14236,-14057,-13878,-13699,-13520,-13341,-13162,-12983,-12804,-12625,-12446,-12267,-12088,-11909,-11730,-11551,-11372,-11193,-11014,-10835,-10656,-10477,-10298,-10119,-9940,-9761,-9582,-9403,-9224,-9045,-8866,-8687,-8508,-8329,-8150,-7971,-7792,-7613,-7434,-7255,-7076,-6897,-6718,-6539,-6360,-6181,-6002,-5823,-5644,-5465,-5286,-5107,-4928,-4749,-4570,-4391,-4212,-4033,-3854,-3675,-3496,-3317,-3138,-2959,-2780,-2601,-2422,-2243,-2064,-1885,-1706,-1527,-1348,-1169,-990,-811,-632,-453,-274,-95
85,264,443,622,801,980,1159,1338,1517,1696,1875,2054,2233,2412,2591,2770,2949,3128,3307,3486,3665,3844,4023,4202,4381,4560,4739,4918,5097,5276,5455,5634,5813,5992,6171,6350,6529,6708,6887,7066,7245,7424,7603,7782,7961,8140,8319,8498,8677,8856,9035,9214,9393,9572,9751,9930,10109,10288,10467,10646,10825,11004,11183,11362,11541,11720,11899,12078,12257,12436,12615,12794,12973,13152,13331,13510,13689,13868,14047,14226,14405,14584,14763,14942,15121,15300,15479,15658,15837,-15846,-15667,-15488,-15309,-15215,-15130,-14951,-14772,-14593,-14414,-14235,-14056,-13877,-13698,-13519,-13340,-13161,-12982,-12803,-12624,-12445,-12266,-12087,-11908,-11729,-11550,-11371,-11192,-11013,-10834,-10655,-10476,-10297,-10118,-9939,-9760,-9581,-9402,-9223,-9044,-8865,-8686,-8507,-8328,-8149,-7970,-7791,-7612,-7433,-7254,-7075,-6896,-6717,-6538,-6359,-6180,-6001,-5822,-5643,-5464,-5285,-5106,-4927,-4748,-4569,-4390,-4211,-4032,-3853,-3674,-3495,-3316,-3137,-2958,-2779,-2600,-2421,-2242,-2063,-1884,-1705,-1526,-1347,-1168,-989,-810,-631,-452,-273,-94
86,265,444,623,802,981,1160,1339,1518,1697,1876,2055,2234,2413,2592,2771,2950,3129,3308,3487,3666,3845,4024,4203,4382,4561,4740,4919,5098,5277,5456,5635,5814,5993,6172,6351,6530,6709,6888,7067,7246,7425,7604,7783,7962,8141,8320,8499,8678,8857,9036,9215,9394,9573,9752,9931,10110,10289,10468,10647,10826,11005,11184,11363,11542,11721,11900,12079,12258,12437,12616,12795,12974,13153,13332,13511,13690,13869,14048,14227,14406,14585,14764,14943,15122,15301,15480,15659,15838,-15845,-15666,-15487,-15394,-15308,-15129,-14950,-14771,-14592,-14413,-14234,-14055,-13876,-13697,-13518,-13339,-13160,-12981,-12802,-12623,-12444,-12265,-12086,-11907,-11728,-11549,-11370,-11191,-11012,-10833,-10654,-10475,-10296,-10117,-9938,-9759,-9580,-9401,-9222,-9043,-8864,-8685,-8506,-8327,-8148,-7969,-7790,-7611,-7432,-7253,-7074,-6895,-6716,-6537,-6358,-6179,-6000,-5821,-5642,-5463,-5284,-5105,-4926,-4747,-4568,-4389,-4210,-4031,-3852,-3673,-3494,-3315,-3136,-2957,-2778,-2599,-2420,-2241,-2062,-1883,-1704,-1525,-1346,-1167,-988,-809,-630,-451,-272,-93
87,266,445,624,803,982,1161,1340,1519,1698,1877,2056,2235,2414,2593,2772,2951,3130,3309,3488,3667,3846,4025,4204,4383,4562,4741,4920,5099,5278,5457,5636,5815,5994,6173,6352,6531,6710,6889,7068,7247,7426,7605,7784,7963,8142,8321,8500,8679,8858,9037,9216,9395,9574,9753,9932,10111,10290,10469,10648,10827,11006,11185,11364,11543,11722,11901,12080,12259,12438,12617,12796,12975,13154,13333,13512,13691,13870,14049,14228,14407,14586,14765,14944,15123,15302,15481,15660,15839,-15844,-15665,-15573,-15486,-15307,-15128,-14949,-14770,-14591,-14412,-14233,-14054,-13875,-13696,-13517,-13338,-13159,-12980,-12801,-12622,-12443,-12264,-12085,-11906,-11727,-11548,-11369,-11190,-11011,-10832,-10653,-10474,-10295,-10116,-9937,-9758,-9579,-9400,-9221,-9042,-8863,-8684,-8505,-8326,-8147,-7968,-7789,-7610,-7431,-7252,-7073,-6894,-6715,-6536,-6357,-6178,-5999,-5820,-5641,-5462,-5283,-5104,-4925,-4746,-4567,-4388,-4209,-4030,-3851,-3672,-3493,-3314,-3135,-2956,-2777,-2598,-2419,-2240,-2061,-1882,-1703,-1524,-1345,-1166,-987,-808,-629,-450,-271,-92
88,267,446,625,804,983,1162,1341,1520,1699,1878,2057,2236,2415,2594,2773,2952,3131,3310,3489,3668,3847,4026,4205,4384,4563,4742,4921,5100,5279,5458,5637,5816,5995,6174,6353,6532,6711,6890,7069,7248,7427,7606,7785,7964,8143,8322,8501,8680,8859,9038,9217,9396,9575,9754,9933,10112,10291,10470,10649,10828,11007,11186,11365,11544,11723,11902,12081,12260,12439,12618,12797,12976,13155,13334,13513,13692,13871,14050,14229,14408,14587,14766,14945,15124,15303,15482,15661,15840,-15843,-15752,-15664,-15485,-15306,-15127,-14948,-14769,-14590,-14411,-14232,-14053,-13874,-13695,-13516,-13337,-13158,-12979,-12800,-12621,-12442,-12263,-12084,-11905,-11726,-11547,-11368,-11189,-11010,-10831,-10652,-10473,-10294,-10115,-9936,-9757,-9578,-9399,-9220,-9041,-8862,-8683,-8504,-8325,-8146,-7967,-7788,-7609,-7430,-7251,-7072,-6893,-6714,-6535,-6356,-6177,-5998,-5819,-5640,-5461,-5282,-5103,-4924,-4745,-4566,-4387,-4208,-4029,-3850,-3671,-3492,-3313,-3134,-2955,-2776,-2597,-2418,-2239,-2060,-1881,-1702,-1523,-1344,-1165,-986,-807,-628,-449,-270,-91
89,268,447,626,805,984,1163,1342,1521,1700,1879,2058,2237,2416,2595,2774,2953,3132,3311,3490,3669,3848,4027,4206,4385,4564,4743,4922,5101,5280,5459,5638,5817,5996,6175,6354,6533,6712,6891,7070,7249,7428,7607,7786,7965,8144,8323,8502,8681,8860,9039,9218,9397,9576,9755,9934,10113,10292,10471,10650,10829,11008,11187,11366,11545,11724,11903,12082,12261,12440,12619,12798,12977,13156,13335,13514,13693,13872,14051,14230,14409,14588,14767,14946,15125,15304,15483,15662,15841,-15931,-15842,-15663,-15484,-15305,-15126,-14947,-14768,-14589,-14410,-14231,-14052,-13873,-13694,-13515,-13336,-13157,-12978,-12799,-12620,-12441,-12262,-12083,-11904,-11725,-11546,-11367,-11188,-11009,-10830,-10651,-10472,-10293,-10114,-9935,-9756,-9577,-9398,-9219,-9040,-8861,-8682,-8503,-8324,-8145,-7966,-7787,-7608,-7429,-7250,-7071,-6892,-6713,-6534,-6355,-6176,-5997,-5818,-5639,-5460,-5281,-5102,-4923,-4744,-4565,-4386,-4207,-4028,-3849,-3670,-3491,-3312,-3133,-2954,-2775,-2596,-2417,-2238,-2059,-1880,-1701,-1522,-1343,-1164,-985,-806,-627,-448,-269,-90
